,LIBELLE
0,La Douzillère
1,Châtillon-sur-Seine
2,La Défense
3,Byans
4,Chamelet
5,L'Hermitage-Mordelles
6,Châlons-en-Champagne
7,Hoerdt
8,Flez-Cuzy-Tannay
9,Aire-sur-la-Lys
10,Bassens-Appontements
11,Plouaret-Trégor
12,Cadaujac
13,Creil
14,Champagné
15,Vern
16,Ste-Geneviève-des-Bois
17,Haguenau
18,Issy-Val-de-Seine
19,Vergèze-Codognan
20,Champlan
21,Wittring
22,Hochfelden
23,St-Roch (Somme)
24,Villeneuve-St-Georges
25,Chavanges
26,Reichshoffen-Usines
27,Caussade
28,Bellegarde
29,Montreuil-sur-Mer
30,Lucé
31,Us
32,Fossé-Marolles
33,Lauterbourg
34,St-Léon-sur-l'Isle
35,Ste-Colombe
36,Foug
37,Vaudagne
38,Sallaumines
39,La Bouteille
40,Éragny-Neuville
41,Bugeat
42,Biarritz
43,Aix-les-Bains-Le Revard
44,Tergnier
45,Elne
46,Aix-les-Bains-Le Revard
47,Montpellier
48,Dreux
49,Laboissière-le-Déluge
50,Vervins
51,Livry-sur-Seine
52,Les Aubrais-Orléans
53,Vic-Mireval
54,Le Cheylas-La Buissière
55,Buno-Gironville
56,Les Pélerins
57,Anstaing
58,Collioure
59,Kogenheim
60,Crêches-sur-Saône
61,Neuillé-Pont-Pierre
62,Groisy-Thorens-la-Caille
63,St-Gilles-du-Gard
64,Belleville-Vendée
65,Lieusaint-Moissy
66,Montbéliard
67,Valenciennes
68,Vendenheim
69,Pruniers
70,Coron-de-Méricourt
71,St-Louis
72,Bois-Colombes
73,Chouzy
74,Murat
75,Le Monastier
76,Les Aubrais-Orléans
77,Esbly
78,La Tricherie
79,Coltainville
80,Vaumoise
81,Iteuil
82,Walygator-Parc
83,St-Victor-Thizy
84,Fresnoy-le-Grand
85,Rueil-Malmaison
86,Archignat
87,Ondres
88,Magland
89,Breuillet-Bruyères-le-Châtel
90,Belloy-St-Martin
91,Notre-Dame-de-Briançon
92,La Varenne-Chennevières
93,Pontrieux
94,St-Ouen-l'Aumône-Église
95,Viévola
97,St-Blaise-la-Roche-Poutay
98,Ste-Eulalie-Carbon-Blanc
99,Boussy-St-Antoine
100,Bram
101,Tracy-Sancerre
102,Longueville
103,Couilly-St-Germain
104,Bologne
105,Changis-St-Jean
106,Ste-Colombe-les-Vienne-St-Romain-en-Gal
107,Aubiat
108,Loreux
109,Gannat
110,Rassuen
111,Chilly-Mazarin
112,Manthes-Lapeyrouse
113,Marmagne
114,Mussidan
115,Mennessis
116,Mondoubleau
117,Annappes
118,Audrieu
119,Pontarlier
121,Arnèke
122,Patay
123,Le Teil
124,Lesquin
125,St-Césaire
126,Florange
127,Anzeling
128,Renescure
129,Rouxmesnil
130,Valence
131,Bresles
132,Jonzac
133,Pithiviers
134,La Hutte-Coulombiers
135,Hénin-Beaumont
136,Lacq
137,Marchezais-Broué
138,Le Méridien
139,Pont-de-l'Alma
140,Rilly-la-Montagne
141,Béning
142,Commentry
143,Orthez
144,Croix-Sainte
145,Ste-Pazanne
146,Villeneuve-d'Ingré
147,Mauves-sur-Loire
148,Noirétable
149,Villedieu-les-Poêles
150,Savigny-sur-Orge
151,Bartenheim
152,Domfront
153,Bayon
154,Nice-St-Roch
155,Quimper
156,Parthenay
157,Laigné-St-Gervais
158,Orange
159,Hymont-Mattaincourt
160,Asnières-sur-Seine
161,Chamborigaud
162,Quimperlé
163,Lamballe
164,St-Aubin-St-Luperce
165,La Vancelle
166,Miramas
167,Juvisy
168,Charmont
169,Bar-sur-Aube
170,Bruges
171,Verneuil-sur-Avre
172,St-Cyprien-en-Dordogne
173,Soulac-sur-Mer
174,Livry-Gargan
175,St-Béron-La Bridoire
176,Ygos
177,Teting
178,Veynes-Dévoluy
179,Arc-et-Senans
180,Pont-Cardinet
181,Culmont-Chalindrey
182,Avesnelles
183,St-Lothain
184,Bellenaves
185,St-Ouen-l'Aumône
186,Coulombiers
187,Montceau-les-Mines
188,Le Croisic
189,Paris-Montparnasse
190,Loches
191,Arbois
192,Rouen-Rive-Droite
193,Rouillé
194,Haguenau
195,La Charité-sur-Loire
196,Le Creusot-Montceau-Montchanin
197,Turckheim
198,Pommevic
199,Moyeuvre-Grande
200,Gresswiller
201,Montauban-Ville-Bourbon
202,Arpajon
203,Tournes
204,Riom-Châtel-Guyon
205,Sarlat
206,Alland'huy
207,Beynes
208,Le Cailar
209,Bouy
210,Les Ancizes-St-Georges
211,Serqueux
212,Romilly-sur-Seine
213,Arnage
214,Montry-Condé
215,St-Mars-la-Brière
216,Nouzonville
217,Crotelles
218,Héricourt
219,Auneau
220,Milhac-d'Auberoche
221,Arcis-sur-Aube
222,Versailles-Chantiers
223,Sète
224,St-Georges-d'Aurac
225,Roubaix
226,Maintenon
227,La Rochelle-Pallice
228,Sarreguemines
229,Péronne-la-Chapelette
230,Soultz-sous-Forêts
231,L'Arbresle
232,Corseul-Languenan
233,Villepreux-les-Clayes
234,Argenteuil
235,Faubourg-d'Orléans
236,Domène
237,La Ferté-Bernard
238,Auneau
239,Bar-sur-Seine
240,Écully-la-Demi-Lune
241,Montcornet
242,Mignaloux-Nouaillé
243,Wisches
244,Garancières-la-Queue
245,Mailly-le-Camp
246,Servas-Lent
247,Servon
248,Trèbes
249,La Roche-Maurice
250,St-Erme
251,Simiane
252,Hautmont
253,Dingé
254,Pont-de-Roide
255,Luxé
256,Les Salelles
257,Colombier-Fontaine
258,Lafarge
259,Villeneuve-Loubet-Plage
260,Monte-Carlo-Country-Club
261,Roubaix-Wattrelos
262,Beinheim-Embranchement
263,Le Buisson
264,Tournes
265,Magnette
266,Bretoncelles
267,Bon-Encontre
268,Château-du-Loir
269,Calonne-Ricouart
270,Leyment
271,Issy
272,Taillebourg
273,St-Jory
274,Landas
275,Brandérion
276,Pierreville
277,Vincey
278,Culoz
279,St-Médard-de-Guizières
280,Dissay
281,Clichy-Levallois
282,Buzy-en-Béarn
283,Sarralbe
284,Caudéran-Mérignac
285,Onzain-Chaumont-sur-Loire
286,Mont-sur-Meurthe
287,Bruz
288,St-Jean-Pla-de-Corts
289,Fenouillet-St-Alban
290,Halsou-Larressore
291,Chauny
292,St-Rambert-d'Albon
293,Châtres (Aube)
294,Laissey
296,Beaucaire-Marchandises
297,Beaucaire-Marchandises
298,Pavilly
299,Bords
300,Bornel-Belle-Église
301,Coussac-Bonneval
302,Mer
303,Niederbronn-les-Bains
304,Sermizelles-Vézelay
305,St-Léger-sur-Dheune
306,Maule
307,Choisy-le-Roi
308,St-Étienne-de-Montluc
309,Dunkerque
310,Wizernes
311,Ambérieu
312,Beaumont-de-Lomagne
313,Pouzauges
314,Salindres
315,Rognac
316,Franois
317,Corbie
318,Nortkerque
319,Raedersheim
320,Veuxhaulles
321,Châtel-Censoir
322,Dangé
323,Obermodern
324,Les Perrières
325,Barjac
326,Givors
327,Orly-Ville
328,Milly-sur-Thérain
329,Le Cendre-Orcet
330,Pontchâteau
331,Gaillon-Aubevoye
332,Belfort
333,Ciry-le-Noble
334,La Membrolle-sur-Choisille
335,Wimille-Wimereux
336,Brunoy
337,La Taye
338,Erstein
339,Avignon-Centre
340,Sens
341,Épinay-sur-Seine TT
342,Charmes
343,Sin-le-Noble
344,Pont-de-Veyle
345,Rai-Aube
346,Tressin
347,La Borne-Blanche
348,Seltz
349,Lagny-Thorigny
350,Bourg-Madame
351,St-Pierre-lès-Elbeuf
352,Formerie
353,Héming
354,Lamagistère
355,La Roche-sur-Yon
356,Sarrebourg
357,Marseillan-Plage
358,La Faloise
359,Montbazon
360,Le Havre-Graville
361,Sérézin
362,Théoule-sur-Mer
363,Roppenheim
364,Montereau
365,Dieppe
366,Vendôme
367,Weyersheim
368,Lurbe-St-Christau
369,Tenay-Hauteville
370,Quesnoy-le-Montant
371,St-Georges-de-Luzençon
372,Laluque
373,Nuits-sous-Ravières
374,Frénouville-Cagny
375,Tincques
376,Andrésy
377,Bon-Encontre
378,Sain-Bel
379,Andelot
381,Aytré-Plage
382,Marquise-Rinxent
383,Villiers-St-Georges
384,Sommesous
385,St-Laurent-de-la-Prée
386,Cysoing
387,Rue
388,Badan
389,Versailles-Matelots
390,Parsac-Gouzon
391,Asnières-sur-Seine
392,Saléchan-Siradan
393,Herrlisheim
394,Lacourtensourt
395,Luçon
396,Issoire
397,Don-Sainghin
398,Évron
399,Château-l'Évêque
400,Nérac
401,Loriol
402,Pontoise
403,Carcassonne
404,La Ménitré
405,Courthézon
406,Chivres-en-Laonnois
407,Le Luc-et-Le Cannet
408,Jarville-la-Malgrange
409,Joué-lès-Tours
410,Vallon
411,Breitenbach
412,Galuzot
413,Ormoy-Villers
414,Bénestroff
415,Véretz-Montlouis
416,Colmar
417,Arras
418,Fauga
419,Oyonnax
420,Montataire
421,Courcay-Tauxigny
422,Avenue-du-Président-Kennedy-Radio-France
423,Salses
424,Égly
425,Oissel
426,Ronchin
427,Montières
428,La Rochelle-Ville
429,Le Creusot
430,Xertigny
431,Villefort
432,Aspres-sur-Buëch
433,St-Amarin
434,Nomain-Ouvignies
435,Damblain
436,Frépillon
437,Héricy
438,Sains-du-Nord
439,Lutzelbourg
440,Carnoules
442,Mâcon-Port-Fluvial
443,Orange
444,Lamotte-Beuvron
445,Baigts-de-Béarn
446,Albert
447,Bourges
448,Pagny-sur-Moselle
449,Solignac-Le Vigen
450,Cravant-Bazarnes
451,Nice-St-Augustin
452,Bouilly-Roncenay
453,La Bohalle
454,Frévin-Capelle
455,Valenciennes
457,Ambazac
458,Chambourg
459,Gazeran
460,Hoelschloch
461,Trois-Chênes
462,Rouxmesnil
463,Briare
464,Saubusse-les-Bains
465,Bourg-en-Bresse
466,Poix-Terron
467,Avenue-Henri-Martin
468,Échirolles
469,Longueil-Annel
470,Brimeux
471,Quéménéven
472,Pomblière-St-Marcel
473,Le Bruel
475,Athis-Mons
476,Le Bosquet
477,Montaut-Bétharram
478,Salomé
479,Rochefort
480,Dijon-Porte-d'Ouche-Perrigny
481,Harfleur
482,St-Antoine-du-Rocher
483,Paris-Bercy-Rapée
484,Cassis
485,Vauzelles
486,Ruelle
487,Mouans-Sartoux
488,Lavilletertre
489,St-Yrieix
490,Langeac
491,Bougival
492,St-Romain-de-Popey
493,Dieppe
494,Farébersviller
495,Pagny-sur-Meuse
496,Rivesaltes
497,Poix-de-Picardie
498,Gros-Noyer-St-Prix
499,Taverny
500,St-Martin-du-Touch
501,St-Médard-d'Eyrans
502,Nérac
503,Clères
504,Montoir-de-Bretagne
505,Fléré-la-Rivière
506,La Chapelle-la-Reine
507,Lantenay
508,Hachette
509,Glos-Montfort
510,St-Chamond
511,La Bleuse-Borne
512,St-Hilaire-St-Nazaire
513,Aulnoye-Aymeries
514,Fourmies
515,Pontcharra-sur-Breda-Allevard
516,Arques (Pas-de-Calais)
517,Lunel-Viel
518,Charmant
519,Penhoët
520,Lamure-sur-Azergues
521,Clamecy
522,St-Avre-la-Chambre
523,Les Trillers
524,Guignicourt
525,Felletin
526,Blanc-Misseron
527,La Motte-Ste-Rosseline
528,Nogent-l'Artaud-Charly
529,Laveline-devant-Bruyères
530,Verneuil-sur-Serre
531,Bitschwiller (Haut-Rhin)
532,Montigny-en-Ostrevent
533,Roanne
534,Lyon-Part-Dieu
535,St-Étienne-Bellevue
536,Culmont-Chalindrey
537,Parent-Coudes-Champeix
538,Wambaix
539,Garges-Sarcelles
540,Gourdon
541,Nançois-Tronville
542,Aubazine-St-Hilaire
543,Gièvres
544,Bagnols-Chadenet
545,Blaye
546,Lalande-Église
547,Genech
548,Schweighouse-sur-Moder
549,Bauvin-Provin
550,Labège-Innopole
551,Yvetot
552,Cholet
553,Marseille-Prado
554,St-Martin-le-Beau
555,Ste-Bazeille
556,Vis-à-Marles
557,Fleurieux-sur-l'Arbresle
558,Rémilly
560,St-Hilaire-au-Temple
561,St-Quentin-en-Yvelines
562,Avenue-Foch
563,Urt
564,Yutz
565,St-Claude
566,Chasseneuil-sur-Bonnieure
567,Estissac
568,Rosny-Bois-Perrier
569,Asnières-sur-Seine
570,Veigné
571,St-Leu-la-Forêt
572,Busigny
573,Nanterre-Université
574,Beaugency
575,Paris-St-Lazare
576,Esches
577,Aiguebelle
578,Plaisir-Grignon
579,St-Denis-près-Martel
580,Rungis-la-Fraternelle
581,Colmar
582,Boussens
583,Guérard-La Celle-sur-Morin
584,Bléré-la-Croix
585,Drusenheim
586,St-Symphorien-de-Marmagne
587,Mohon
588,Rethel
589,Lexos
590,Arrou
591,Ozoir-la-Ferrière
592,Boutigny
593,Cannes
594,Benfeld
595,Émerainville-Pontault-Combault
596,Marck
597,Tarascon-sur-Ariège
598,Limersheim
599,St-Sulpice-Auteuil
600,Onville
601,Prouvy-Thiant
602,Pontgibaud
603,Les Aubrais-Orléans
604,Ste-Colombe-Septveilles
605,Remise-à-Jorelle
606,Amifontaine
607,Gardanne
608,Tiercé
609,Longwy
610,Allonnes-Boisville
611,Nogent-sur-Vernisson
612,Grésy-sur-Isère
613,Azay-sur-Cher
614,Hazebrouck
615,Tantonville
616,Brion-sur-Ource
617,Villefranche-de-Rouergue
618,Vraincourt-Viéville
619,Cenon
620,Taconnaz
621,Agay
622,Montabard
623,St-Hilaire-de-Riez
624,St-Julien-Écuisses
625,La Mothe-Achard
626,Ruffec
627,Cesson-Sévigné
628,St-Germain-St-Rémy
629,Givet
630,Montbarrey
631,Villiers-Neauphle-Pontchartrain
632,St-Pol-sur-Ternoise
633,Villeparisis
634,Rive-de-Gier
635,Herbitzheim
636,Ambronay-Priay
637,Feuquières-Broquiers
638,Roquesérière
639,Compans
640,Châtillon-sur-Seine
641,Jassonneix
642,Magneux-Courlandon
643,Fourchambault
644,Couëron
645,Ogeu-les-Bains
646,Mérenvielle
647,Err
648,Espira-de-l'Agly
649,Woincourt
650,Montrond-les-Bains
651,Sibelin
652,La Ville-Gozet
653,La Réole
654,Bailleul-sur-Thérain
655,Villeperdue
656,L'Estaque
657,Nomain
658,St-Bonnet-de-Rochefort
659,Roche-lez-Beaupré
660,Les Ardoines
661,Conflans-Fin-d'Oise
662,Lus-la-Croix-Haute
663,Aiguillon
664,Ossès-St-Martin-d'Arrossa
665,Couliboeuf
666,Salles-Courbatiès
667,St-Médard-sur-Ille
668,Longueville-sur-Scie
669,Ham
670,Revigny
671,Crépieux-la-Pape
672,St-Junien
673,Lérouville
674,St-Marcel-en-Dombes
675,Gestel
676,Lons-le-Saunier
677,Lussac-les-Châteaux
678,Siorac-en-Périgord
679,Vic-sur-Aisne
680,Dives-sur-Mer-Port-Guillaume
681,Luché
682,Baud
683,Bourbourg
684,Koenigsmacker
685,Fos-Mole-Central
686,Aubusson
687,Illiers-Combray
688,La Gouesnière-Cancale
689,Langres
690,Laifour
691,St-Juéry
692,L'Isle-Jourdain
693,Grandvillars
694,Moult-Argences
695,Les Moussoux
696,Baccarat
697,Ménil-Flin
698,Bazancourt
699,Crancey
700,Batz-sur-Mer
701,L'Estaque
702,L'Ariane
703,Dax
704,St-Pierre-des-Corps
705,Moulin-Galant
706,Connerré-Beillé
707,Romilly-la-Puthenaye
708,Écouen-Ézanville
709,Orry-la-Ville-Coye
710,Blonville-sur-Mer-Benerville
711,Gilly-sur-Loire
712,Gennes-Longuefuye
713,Franconville-Plessis-Bouchard
714,Trémolat
715,Bazeilles
716,Souillac
717,Drancy
718,Commercy
719,Sierck-les-Bains
720,Grenoble
721,St-Vincent-le-Château
722,Vayrac
723,St-Jodard
724,Vélines
725,Anché-Voulon
726,Froncles
727,Fépin
728,Origny-Ste-Benoite
729,Saillagouse
730,Rosporden
731,Courcy-Brimont
732,Ollioules-Sanary-sur-Mer
733,Luant
734,St-Jean-de-Sauves
735,Limoges-Puy-Imbert
736,Olette-Canaveilles-les-Bains
737,Bischoffsheim
738,Clion-sur-Indre
739,Munchhausen
740,St-Gervais-les-Bains-Le Fayet
741,Lavilledieu
742,Mauco-Benquet
743,Moulins-sur-Allier
744,Cassel
745,Bois-d'Oingt-Légny
746,Le Mée
747,Corbehem
748,Blaisy-Bas
749,Carnoët-Locarn
750,Savy-Berlette
751,Faremoutiers-Pommeuse
752,Montendre
753,Longueil-Ste-Marie
754,Versailles-Rive-Gauche
755,Mennessis
756,Vierzon-Ville
757,Melun
758,Nantes
759,Le Mans
760,Paray-le-Monial
761,Montaudran
762,Herny
763,Sallanches-Combloux-Megève
764,Fontaines-d'Ozillac

766,St-Seurin-sur-l'Isle
767,Houilles-Carrières-sur-Seine
768,Hirson-Écoles
769,Guichen-Bourg-des-Comptes
770,Rouen-Martainville
771,Plaintel
772,Santeuil-Le Perchay
773,Raves-Ban-de-Laveline
774,Pibrac
775,Châtenois (Bas-Rhin)
776,Tournon-St-Martin
777,Achères-Grand-Cormier
778,Bavay
779,Collonges
780,Limoges-Bénédictins
781,St-Denis-Catus
782,Melun
783,Richwiller
784,Porchefontaine
785,Igny
786,Bonneville
787,Chelles-Gournay
788,Thun-le-Paradis
789,Pont-de-Briques
790,Boulazac
791,Bruyères
793,Haybes
794,Nerpuy
795,Bouaye
796,Chambéry-Challes-les-Eaux
797,Pas-des-Lanciers
798,Luchon
799,Limay
800,Villetaneuse-Université TT
801,Charbonnières-les-Bains
802,Lamarche
803,Montdauphin-Guillestre
804,Bricon
805,Chasse-sur-Rhône
806,Villefranche-de-Lauragais
807,La Croix-du-Prince
808,Romorantin (Voie étroite)
809,Azay-le-Rideau
810,St-Égrève-St-Robert
811,St-Étienne-Le Clapier
812,Fronville
813,St-Valéry-en-Caux
814,Vichy
815,Ivry-sur-Seine
816,La Valbonne
817,Châteauroux
818,St-Cloud
819,Morlaix
820,Ermont-Eaubonne
821,Le Theil-de-Bretagne
822,St-Vallier-sur-Rhône
823,Plouaret-Trégor
824,Epfig
825,St-Pol-de-Léon
826,Vannes
827,Bénestroff
828,Château-Arnoux-St-Auban
829,Chamalières-sur-Loire
830,Belvezet
831,Tain-l'Hermitage-Tournon
832,Aurillac
833,Lavaufranche
834,Meung-sur-Loire
835,Pignans
836,Langeais
837,Schweighouse-sur-Moder
838,Moustéru
839,Montmédy
840,Wingen-sur-Moder
841,Marignac-St-Béat
842,Phalempin
843,Martres-Tolosane
844,Moret-Veneux-les-Sablons
845,La Souterraine
846,Le Buet
847,Trogues
848,Fontan-Saorge
849,La Brigue
850,Attin-Garage
851,Laroque
852,Muhlbach-sur-Munster
853,Montsoult-Maffliers
854,Brens-Virignin
855,Fouilloy
856,Batilly
857,St-Pierre-le-Viger-Fontaine-le-Dun
858,Le Coteau
859,St-Michel-Valloire
860,Abancourt
861,Arenc-Euroméditerranée
862,Pont-à-Mousson
863,Pont-d'Ain
864,Château-Chinon
865,Luttenbach-près-Munster
866,Fos-Graveleau
867,Montérolier-Buchy
868,Is-sur-Tille
869,Lunel
870,Champ-de-Mars-Tour-Eiffel
871,St-Gilles-Croix-de-Vie
872,Longueville
873,Évry
874,Breuil-Romain
875,L'Estaque
876,St-Jean-de-Luz-Ciboure
877,Thésée
878,Pezou
879,Aubigny-au-Bac
880,Meuse-TGV
881,Pessac
882,Étival-Clairefontaine
883,Herblay
884,Strasbourg-Ville
885,Cessieu
886,Chemin-Peseux
887,Bazoches
888,Gemeaux
889,Clermont-les-Fermes
890,Le Douhet-Écoyeux
891,Monthois
892,Rosny-sous-Bois
893,Troyes
894,Ailly-sur-Noye
895,Éloyes
896,Onnaing
897,Aytré
898,Lezennes
899,La Garde
900,Grandvilliers
901,Serdinya
902,Abancourt
903,Valence-TGV
904,Saillat-Chassenon
905,St-Armel
906,Bollène-la-Croisière
907,Nesle
908,Golfech
909,Étang
910,Louverné
911,Tessonnières
912,Goncelin
913,La Villette-St-Prest
914,Fenouillet
915,Connantre
916,Lozanne
917,Anould
918,Roquefort (Landes)
919,Gironde
920,Vorey
921,Coursan
922,Boucoiran
923,Jacques-Monod-La Demi-Lieue
924,Anse
925,Gièvres
926,Cannes-la-Bocca
927,Ciry-Sermoise
928,Mouroux
929,Petit-Couronne
930,Empalot
931,Paris-St-Lazare
932,Heilly
933,Toury
934,Muret
935,Abbaretz
936,Beaurainville
937,Saales
938,Teillé
939,La Seyne-Six-Fours
941,Étréchy
942,Jatxou
943,Bouray
944,Conflans-Jarny
945,Coarraze-Nay
946,Louvres
947,Civry-St-Cloud
948,Penne
949,Houlgate
950,Maillé
951,Chasseradès
952,Coudekerque-Branche
953,Compiègne
954,St-Jean-de-Verges
955,Brion-Montréal-la-Cluse
956,La Teste
957,Les Grésillons
958,Belfort-Montbéliard-TGV
959,Rosult
960,St-Saviol
961,Calais-Fréthun
962,Joncet
963,Labarthe-Inard
964,Alixan-Châteauneuf-d'Isère
965,Cinq-Mars-la-Pile
966,St-André-le-Gaz
967,Rocamadour-Padirac
968,La Possonnière
969,L'Hospitalet-près-l'Andorre
970,Labenne
971,Sarrebourg
972,Wattignies-Templemars
973,Dieulouard
974,Villabé
975,Livron
976,Chaponval
977,Pont-du-Château (FRET)
978,Golfe-Juan-Vallauris
979,Tronsanges
980,St-Paul-de-Varax
981,St-Amand-les-Eaux
982,Escaudoeuvres
983,Précy-sur-Oise
984,Lens
985,Blanzy
986,Pont-de-la-Deûle
987,Angoulins-sur-Mer
988,St-Dié-des-Vosges
989,Illfurth
990,Ste-Léocadie
991,La Penne-sur-Huveaune
992,Troyes
993,La Chapelle-sur-Loire
994,Strasbourg-Cronenbourg
995,Montreuil-Belfroi
996,St-Jean-de-Losne
997,Courzieu-Brussieu
998,Pont-d'Ardres
999,Port-St-Louis-du-Rhône
1000,Lisle-sur-Tarn
1001,Achères-Ville
1002,St-Agnan
1003,La Chapelle-d'Ambès
1004,Vieilleville
1005,Auxerre-St-Gervais
1006,Mazamet
1007,Vallorcine
1008,Dunkerque
1009,Dannemarie
1010,Belfort
1011,Aixe-sur-Vienne
1012,Dompierre-Sept-Fons
1013,Clérac-Charente
1014,Rémilly
1015,Tours
1016,Pléchâtel
1017,Chaulnes
1018,Voujeaucourt
1019,Trémentines
1020,La Crèche
1021,Montville
1022,Lorraine-TGV
1023,Lizy-sur-Ourcq
1024,Mantes-la-Jolie
1025,St-Nazaire
1026,Triel-sur-Seine
1027,Rosières-aux-Salines
1028,Château-du-Loir
1029,Pont-du-Garigliano-Hôpital-Georges-Pompidou
1030,Hellemmes
1031,Beau-Marais
1032,Flers
1033,Balagny-St-Épin
1034,St-Étienne-Carnot
1035,La Rochefoucauld
1036,La Chapelle-Centre
1037,Itxassou
1038,Massy-Verrières
1039,Drap-Cantaron
1040,Moreuil
1041,Plerguer
1042,Athies-sous-Laon
1043,Lentilly-Charpenay
1044,Lamotte-Breuil
1045,Trélazé
1046,La Ricamarie
1047,Péreire-Levallois
1048,Gien
1049,St-Germain-des-Fossés
1050,Cavignac
1051,Bressuire
1052,Pont-Remy
1053,St-Gaudens
1054,Mouchard
1055,Miribel
1056,Ors
1057,Selles-sur-Cher
1058,Monnerville
1059,Annecy
1060,Lamanon
1061,Duppigheim
1062,Base Aérienne
1063,Corrèze
1064,Tourville
1065,Cambrai
1067,Carantilly-Marigny
1068,Montauban-de-Bretagne
1069,Allassac
1070,Tullins-Fures
1071,Givors-Canal
1072,Montereau
1073,St-Antoine-de-Breuilh
1074,Avignon-TGV
1075,Engenville
1076,Boisseaux
1077,Meyrargues
1078,St-Michel-Notre-Dame
1079,Ludon
1080,Colmar
1081,Liart
1082,Lux
1083,Herrlisheim-près-Colmar
1084,Montpon-Ménestérol
1085,Montbard
1086,St-Étienne-La Terrasse
1087,Moûtiers-Salins-Brides-les-Bains
1088,Avesnes
1089,Novillars
1090,Méru
1091,Guéthary
1092,Hundling
1093,Sarrebourg
1094,Gonfaron
1095,Gertwiller
1096,Cap-Martin-Roquebrune
1097,Rozières-sur-Mouzon
1098,Roeux
1099,Aimargues
1100,Artonges
1101,Parc-des-Expositions
1102,Wissembourg
1103,Thiviers
1104,Kédange
1105,Dordives
1106,Dijon-Ville
1107,Hangest
1108,Carnolès
1109,St-Vincent-de-Tyrosse
1110,Suresnes-Mont-Valérien
1111,Allenc
1112,Vertaizon
1113,Libercourt
1114,Orgères
1115,Montaigut
1116,St-Pierre-en-Faucigny
1117,Colleville-Ste-Hélène
1118,Pontailler-sur-Saône
1119,Arles
1120,Chamonix-Aiguille du Midi
1121,Bouffémont-Moisselles
1122,Albigny-Neuville
1123,Caudiès
1124,Schwindratzheim
1125,Docelles-Cheniménil
1126,Longuerue-Vieux-Manoir
1127,Hagondange
1128,Somain
1129,Messein
1130,St-Cyr-les-Lècques-La Cadière
1131,Chauffailles
1132,Latour-de-Carol-Enveitg
1133,Le Cateau
1134,Bassens
1135,Orléans
1136,Villefranche-sur-Mer
1137,Solliès-Pont
1138,Sèvres-Ville-d'Avray
1139,St-Yorre
1140,Coulanges-sur-Yonne
1141,Pompadour-Maisons-Alfort
1142,Corcy
1143,Gramat
1144,Reuilly
1145,La Jonchère
1147,Chaugey
1148,Suippes
1149,St-Florentin-Vergigny
1150,Mézin
1151,Ria
1152,St-Dié-des-Vosges
1153,Mauzac
1154,Ermont-Eaubonne
1155,Valenton
1156,Corbigny
1157,Dives-Cabourg
1158,Chèvremont
1159,St-Jean-d'Angély
1160,Brignoud
1161,Breil-sur-Roya
1162,Mont-de-Marsan
1163,Ille-sur-Têt
1164,Berre
1165,Bas-Évette
1166,Étainhus-St-Romain
1167,Obermodern
1168,Fontainebleau-Avon
1169,Sorcy
1170,Port-de-Piles
1171,Vif
1172,Villeneuve-Triage
1173,Moulins-sur-Yèvre
1174,Vigneux-sur-Seine
1175,Paul-Émile-Victor
1176,Mitry-Claye
1177,Évry-Courcouronnes
1178,Boissy-l'Aillerie
1179,Joigny-sur-Meuse
1180,Châtel-Nomexy
1181,Diemeringen
1182,Grigny-Centre
1183,Oderen
1184,Montescourt
1185,Noisy-le-Sec
1186,Loos-lez-Lille
1187,Chantonnay
1188,St-Pierre-de-Chignac
1189,Cernay
1190,Le Teich
1191,Buzançais
1192,Les Lacs
1193,Viroflay-Rive-Gauche
1194,Aigueperse
1195,Le Monastier
1196,Colmar-St-Joseph
1197,Vitry-sur-Seine
1198,Banassac-La Canourgue
1199,Lisieux
1200,Paris-St-Lazare
1201,Pierrefite-Stains TT
1202,Rimaucourt
1203,Buire-sur-l'Ancre
1204,Volvic
1205,Feignies
1206,Hombourg-Haut
1207,Chepy-Valines
1208,Saverdun
1209,Auboué
1210,Luxeuil-les-Bains
1211,Monsempron-Libos
1212,Chasseneuil (Vienne)
1213,Nice-Ville
1214,Beuvrages
1215,Château-Renault
1216,Maisons-Laffitte
1217,St-Loubès
1218,Anchamps
1219,Iwuy
1220,Villeneuve-l'Archevêque
1221,Perpignan
1222,Saujon
1223,Thiaville
1224,Roppenheim
1225,La Grave-d'Ambarès-Gare-Inférieure
1226,Bayeux
1227,Thomery
1228,Grasse
1229,Savenay
1230,Provins
1231,Francheville
1232,Marly-le-Roi
1233,La Bassée
1234,Miramas
1235,Mantes-Station
1236,Nantes
1237,Garchizy
1238,St-Germain-au-Mont-d'Or
1239,Thouaré
1240,Montdidier
1241,Virieu-sur-Bourbre
1242,Béning
1243,Kalhausen
1244,Auray
1245,Entrains
1246,Volvic
1247,Étais (GS)
1248,Villers-Bretonneux
1249,Salaise
1250,Verneuil-sur-Vienne
1251,Naintré-les-Barres
1252,Les Flachères
1253,Biot
1254,Charleville-Mézières
1255,Aubagne
1256,Vaux-sous-Aubigny
1257,St-Chéron
1258,Mayet
1259,Villeneuve-sur-Yonne
1260,Concarneau
1261,Hagondange
1262,Jessains
1263,Viviers-du-Lac
1264,Buzançais
1265,Ablon
1266,Lézignan-la-Cèbe
1267,Vaulry
1268,Le Havre-Graville
1269,Stade-de-France-St-Denis
1270,Montluçon-Eau
1271,Clamecy
1272,Dannes-Camiers
1273,La Forest
1274,La Celle-St-Cloud
1275,Malesherbes
1276,Épône-Mézières
1277,Bédarieux
1278,Bailleul-Sir-Berthoult
1279,Lezennes
1280,Valenciennes
1281,Cuers-Pierrefeu
1282,Habsheim
1283,Cahors
1284,St-Maur-sur-Indre
1285,St-Senoux-Pléchâtel
1286,Lisieux
1287,St-Florentin-Vergigny
1288,Tulle
1289,Fontaines-Mercurey
1290,Goussainville
1291,Lardy
1292,Montlaur
1293,St-Raphaël-Valescure
1294,Breteuil-Embranchement
1295,Les Fontinettes
1296,St-Pourçain-sur-Sioule
1297,Le Valdahon
1298,Lancey
1299,Valleiry
1300,Belleville
1301,Calais-Fréthun
1302,Liverdun
1303,Alençon
1304,Beuzeville (Eure)
1305,Le Thor
1306,Kruth
1307,Namps-Quevauvillers
1308,Niversac
1309,Larche
1310,Dugny-La Courneuve TT
1311,Maromme
1312,Souppes-Château-Landon
1313,Mennecy
1314,Veynes-Dévoluy
1315,Cérons
1316,St-Léonard
1317,Sézanne
1318,Estressin
1319,Uchaud
1320,Montbartier
1321,Thonon-les-Bains
1322,Le Molay-Littry
1323,Pont-de-Lignon
1324,Rountzenheim
1325,Muizon
1326,Baillargues
1327,Neuvic
1328,St-Dizier
1329,St-Germain-en-Laye-Bel-Air-Fourqueux
1330,Douzillac
1331,Rouen-Orléans
1332,Watten-Éperlecques
1333,Morre
1334,Montrichard
1335,Villeneuve-la-Guyard
1336,St-Germain-en-Laye-Grande-Ceinture
1337,Saulieu
1338,Meaux
1339,Bretenoux-Biars
1340,Bueil
1341,Montfavet
1342,Chagny
1343,Masseret
1344,Les Quatre-Routes
1345,St-Quentin-en-Yvelines
1346,Vougeot-Gilly-lès-Cîteaux
1347,Suèvres
1348,Don-Sainghin
1349,Les Ramassiers
1350,Rolampont
1351,Estrées-St-Denis
1352,Langogne
1353,Aigrefeuille-Le Thou
1354,Beuvry (Pas-de-Calais)
1355,St-Méen
1356,Thuès-les-Bains
1357,Bourth
1358,Lentilly
1359,Clacy-Mons
1360,Pauillac
1361,Ancy-sur-Moselle
1362,Anzeling
1363,Noyon
1364,Grenoble-Université-Gières
1365,Ste-Colombe-sur-Seine
1366,Damiatte-St-Paul
1367,Esvres
1368,Belfort
1369,Aigues-Vives
1370,Groslay
1371,Freinville-Sevran
1372,St-Sulpice-Izon
1373,Gallargues
1374,Montlouis
1375,Milhaud
1376,Novéant
1377,Aillevillers
1378,Quincieux
1380,Chécy-Mardié
1381,Sévérac-le-Château
1382,Corcieux-Vanémont
1383,Laigneville
1384,Stains-Cerisaie TT
1385,Torfou
1386,Lescar
1387,Avrigny
1388,Rémy
1389,Le Merlerault
1390,Beaulieu-Le Coudray
1391,Biffontaine
1392,St-Piat
1393,Savonnières
1394,Brest
1396,Mouy-Bury
1397,Huningue
1398,Montgeroult-Courcelles
1399,Gannes
1400,Châtellerault
1401,Gandrange-Amnéville
1402,Plouharnel-Carnac
1403,Baraqueville-Carcenac-Peyralès
1404,Èze
1405,Courbevoie
1406,Carry-le-Rouet
1407,St-Ay
1408,Epernay
1409,Longwy
1410,Hermes-Berthecourt
1411,Gevrey-Chambertin
1412,La Fontaine
1413,Verneuil-l'Étang
1414,Issou-Porcheville
1415,Bretigny-Norges
1416,Rethondes
1417,Étrépagny
1418,Pleudihen
1419,Cormeilles-en-Parisis
1420,Bourganeuf
1421,Le Légué
1422,Boran-sur-Oise
1423,Landévant
1424,La Chartre-sur-le-Loir
1425,Fos-Viguerat
1426,St-Avold
1427,Thuès
1428,Dienville
1429,Jeumont
1430,Maroeuil
1431,Moulin-Neuf (Oise)
1432,Tarascon
1433,Villeneuve-la-Comtesse
1434,Bernay
1435,Cornil
1436,Bigny
1437,Pontorson-Mont-St-Michel
1438,Buzy-en-Béarn
1439,La Gorp
1440,Metz
1442,Mesvres
1443,Sierentz
1444,Sausset-les-Pins
1445,Colomiers-Lycée-International
1446,Rixheim
1447,Saulxures
1448,Autun
1449,La Wantzenau
1450,Invalides
1452,Munster
1453,Fontenay-le-Comte
1454,Combs-la-Ville-Quincy
1455,Château-Thierry
1456,Fos-sur-Mer
1457,Mailly-la-Ville
1458,Wilwisheim
1459,Franxault
1460,Mazières-Verruyes
1461,Chaville-Rive-Gauche
1462,Lunéville
1463,St-André-de-Corcy
1464,Siorac-en-Périgord
1465,Cugand
1466,Tergnier
1467,Vauboyen
1468,Agonac
1469,Chaumont
1470,Varennes-sur-Allier
1471,Les Essarts-le-Roi
1472,Bertrichamps
1473,Rodez
1475,Valleroy-Moineville
1476,Rives
1477,Paulhaguet
1478,Laval
1479,Autet
1480,Elbeuf-St-Aubin
1481,Port-Ste-Marie
1482,Neuvy-Pailloux
1483,St-Sulpice
1484,Cerbère
1485,Les Vallées
1486,Marbache
1487,Lannemezan
1488,Loos-en-Gohelle
1489,Broons
1490,Le Bras-de-fer
1491,Le Valdahon Camp Militaire
1492,St-Louis-la-Chaussée
1493,Saintes
1494,Conflans-Jarny
1495,Toulouse
1496,Pougues-les-Eaux
1497,La Ferté-Hauterive
1498,Villers-Cotterêts
1499,Joué-lès-Tours
1500,Essonnes-Robinson
1501,Blangy-sur-Bresle
1502,Prunay
1503,Digoin
1504,Sèvres-Rive-Gauche
1505,Cintegabelle
1506,Les Cabrils
1507,Colroy-Lubine
1508,Verberie
1509,Albias
1510,Janville
1511,Ste-Lizaigne
1512,Aulnat-Aéroport
1513,La Roche-en-Brenil
1514,Massiac
1515,Barentin-Embranchement
1516,Chantenay-St-Imbert
1517,Veuves-Monteaux
1518,Hirson
1519,Villeneuve-sur-Allier
1520,La Chapelle-Centre
1521,Comines
1522,Sucy-Bonneuil
1523,Épinay-sur-Orge
1524,Figeac
1525,Loures-Barbazan
1526,Tacoignières-Richebourg
1527,St-Martin-de-Crau
1528,St-Pierre-du-Vauvray
1529,Farschviller
1530,St-Maixent-l'Ecole
1531,Cambo-les-Bains
1532,Poitiers
1533,Varades-St-Florent-le-Vieil
1534,Verrey
1535,Bidarray-Pont-Noblia
1537,Les Laumes-Alésia
1538,Farbus
1539,Bretteville-Norrey
1540,La Chaussée-St-Victor
1541,Mommenheim
1542,Creutzwald
1543,Hayange
1544,Gap
1545,Isbergues
1546,Einvaux
1547,Épehy
1548,Labège-Village
1549,Bois-le-Roi
1550,Lézignan (Aude)
1551,Sorgues-Châteauneuf-du-Pape
1552,Amiens
1553,Ruminghem
1554,Versailles-Rive-Droite
1555,Port-Édouard-Herriot
1556,Châteaulin
1557,Mâcon-Ville
1558,Paris-La Villette-Hébert
1559,Ascq
1560,La Mothe-St-Héray
1561,Quillan
1562,Hyères
1563,Pontrieux-Halte
1564,La Rivière-de-Mansac
1565,Pierrefitte-Stains
1566,Pont-Petit
1567,Colombes
1568,St-Nazaire
1569,Lamothe-Landerron
1570,Sarreinsming
1571,Bourg-St-Maurice
1572,Roissy-Aéroport-Charles-de-Gaulle 1
1573,Issé
1574,Magalas
1575,Nemours-St-Pierre
1576,Chasse-sur-Rhône
1577,Moirans-la-Galifette
1578,Polliat
1579,Vayres
1580,Babinière
1581,Chars
1582,Delle
1583,Mulhouse-Dornach
1584,Châtillon-sur-Indre
1585,Corbeil-Essonnes
1586,Les Deux Jumeaux
1587,Rosny-sur-Seine
1588,Mundolsheim
1589,Albertville
1590,St-Brice-Courcelles
1591,St-Ouen-du-Breuil
1592,Moulins-sur-Allier
1593,Marsac
1594,St-Pierre-le-Moûtier
1595,Neau
1596,Thenon
1597,Marle-sur-Serre
1599,Mont-sur-Meurthe
1600,Besançon-Viotte
1601,Vittel
1602,Besançon-St-Fergeux
1603,Limoges-Montjovis
1604,Montigny-sur-Loing
1605,Houdemont
1606,Peyrilhac-St-Jouvent
1607,Haguenau
1608,Aubigny-sur-Nère
1609,Brétigny
1610,Chissay-en-Touraine
1611,Dirinon Loperhet
1612,St-Vit
1613,Grand-Quevilly
1614,Gudmont
1615,Morteau
1616,Clermont-La Pardieu
1617,Tamnay-Châtillon
1618,St-Amand-les-Eaux
1619,Hirson
1620,Pontanevaux
1621,Bonson
1622,Aix-en-Provence
1623,Valençay
1624,Foix
1625,Pompey
1626,La Guerche-sur-l'Aubois
1627,Vitré
1628,Septèmes
1629,Mézy
1630,St-Étienne-Châteaucreux
1631,Ceintrey
1632,Boulainvilliers
1633,Ur-les-Escaldes
1634,Bailleul
1635,Petit-Croix
1636,Mareuil-sur-Ourcq
1637,Beslé
1638,St-Louis-les-Aygalades
1639,St-Germain-du-Puy
1640,Sospel
1641,Mériel
1642,Aire-sur-l'Adour
1643,Brion-Laizy
1644,Margut-Fromy
1645,Barentin-Embranchement
1646,Surdon
1647,Langon
1648,Oberhoffen-Camp-de-Haguenau
1649,Réhon
1650,Gorges
1651,Lorient
1652,Gagny
1653,St-Pierre-d'Aurillac
1654,Plouvara-Plerneuf
1655,Dormans
1656,La Suze
1657,Laval-de-Cère
1658,Nîmes-Pont du Gard
1659,Desvres
1660,Reims
1661,Hesdin
1662,Chabris
1663,Étaples-Le Touquet
1664,Moirans
1665,Crissey
1667,La Brohinière
1668,Esbly
1669,Nevers
1670,Le Rouget
1671,Denain
1672,Nézel-Aulnay
1673,Chaville-Rive-Droite
1674,Molinges
1675,Champ-de-Mars-Tour-Eiffel
1676,Goxwiller
1677,Villennes-sur-Seine
1678,Franchet-d'Esperey
1679,Anizy-Pinon
1680,Florensac
1681,Audun-le-Roman
1682,Coutances
1683,Louroux-de-Bouble
1684,Lumes
1685,St-André-de-Cubzac
1686,Challans
1687,Mutzig
1688,Breil-sur-Roya
1689,Plouigneau
1690,Maurecourt
1691,La Frette-Montigny
1692,Aurec
1693,Plestan
1694,Capdenac
1695,Thiviers
1696,Velars
1697,Chalais
1698,Seyssel-Corbonod
1699,Ennevelin
1700,Caulnes
1701,Béard
1702,Dardilly-les-Mouilles
1703,Courcelles-sur-Nied
1704,Bayonne-Allées-Marines
1705,Bailleau-le-Pin
1706,Châtelaillon
1707,Épierre-St-Léger
1708,Chirac
1709,La Pauline-Hyères
1710,Feyzin
1712,Quiberon
1713,Gimont-Cahuzac
1714,L'Argentière-les-Écrins
1715,Longpré-les-Corps-Saints
1716,Morez
1717,Aix-en-Provence-TGV
1718,Mont-de-Marsan
1720,Chaumont-en-Vexin
1721,St-Louis
1723,St-Aubin-du-Vieil-Évreux
1724,St-Lô
1725,St-Sulpice-Laurière
1726,Gargenville
1727,Rang-du-Fliers-Verton
1728,Les Longevilles-Rochejean
1729,Saulon
1730,Heyrieux
1731,Rochy-Condé
1732,Longueau
1733,Choisy-le-Roi
1734,Ris-Orangis
1735,Vienne
1736,Bessancourt
1738,Elbeuf-Ville
1739,Trith-St-Léger
1740,St-Sauveur-Châteauneuf
1741,Mignaloux-Nouaillé
1742,Épône-Mézières
1743,Sevran-Livry
1744,Portes
1745,Mont-Notre-Dame
1746,La Chaux-des-Crotenay
1747,Tours
1748,Saumur
1749,Parthenay
1750,Martigues
1751,Cruas
1752,Entressen
1753,Salon
1754,St-Brieuc
1755,Rezé-Pont-Rousseau
1756,Neuville-sur-Saône
1757,Gujan-Mestras
1758,Mervans
1759,Les Bardys
1760,Rouessé-Vassé
1761,La Garenne-Colombes
1762,Ste-Maure-Noyant
1763,Portet-St-Simon
1764,Lalbenque-Fontanes
1765,Bellegarde
1766,Tillières
1767,Paris-St-Lazare
1768,Chantilly-Gouvieux
1769,Sceaux-Boësse
1770,Châtenois-Dolaincourt
1771,St-Agne
1772,Uzerche
1773,L'Abbaye
1774,Sotteville
1775,Castillon
1776,Port-St-Père-St-Mars
1777,Serquigny
1778,Balsièges-Bourg
1779,Cergy-Préfecture
1780,Neuville-Université
1781,Belz-Ploemel
1782,Conflans-Jarny
1783,Mirecourt
1784,Artenay
1785,Giromagny
1786,Is-sur-Tille
1787,Bayard
1788,Lomme (MIN)
1789,Distroff
1790,Douai
1791,Marseille-Blancarde
1792,Marseille-Blancarde
1793,Bénesse-Maremne
1794,Le Boulou-Perthus
1795,Beaune-la-Rolande
1796,La Grande-Paroisse
1797,Laguépie
1798,Baziège
1800,Rémelfing
1801,Bonnard-Bassou
1802,Le Pouliguen
1803,Lure
1804,Gray
1805,Chabanais
1806,Sarralbe
1807,Jardres
1808,Varangéville-St-Nicolas
1809,Montierchaume
1810,St-Julien-Clénay
1812,Paris-Austerlitz
1813,Homécourt
1814,Braine
1815,Écommoy
1816,Druye
1818,Castelsarrasin
1819,Cramoisy
1820,Sélestat
1821,Flamboin-Gouaix
1822,St-Sulpice
1823,Casino-Lacroix-Laval
1824,St-Amand-de-Vendôme
1825,Montreux-Vieux
1826,L'Étang-la-Ville
1827,Rully
1828,Clamart
1829,Les Yvris-Noisy-le-Grand
1830,Rodez
1831,Sanry-sur-Nied
1832,Blodelsheim
1833,Munster-Badischhof
1834,Le Bourget
1835,La Hume
1836,Méry (Val-d'Oise)
1837,Montélimar
1838,Huriel
1839,St-Mathurin
1840,Épanvilliers
1841,Vignols-St-Solve
1842,La Rivière
1843,Verdun
1844,Marseille-St-Charles
1845,Laillé
1846,Vrigne-Meuse
1847,Valmy
1848,Thézy-Glimont
1849,Alet-les-Bains
1850,Hoffen
1851,Lacapelle-Viescamp
1852,Pont-du-Casse
1853,La Rochelle-Ville
1854,Ingrandes-sur-Vienne
1855,Les Cabannes
1856,Château-Gontier
1857,Bohain
1858,Touët-de-l'Escarène
1859,Vieux-Thann ZI
1860,Chaponost
1861,St-Rambert-en-Bugey
1862,Varetz
1863,La Verrière
1864,Paris-Nord
1865,Banyuls-sur-Mer
1866,Nexon
1867,Pont-à-Vendin
1868,Jarrie-Vizille
1869,Bidos
1870,Paray-le-Monial
1871,Lamothe-Montravel
1872,Tonnay-Charente
1873,Dole
1874,Bertry
1875,Vieilleville
1876,Saleux
1877,Pleyber-Christ
1878,Rombas-Clouange
1879,Carhaix
1880,St-Leu-d'Esserent
1881,Ugine
1882,Bantzenheim
1883,Bourgtheroulde-Thuit-Hébert
1884,Crépy-Couvron
1885,Menton-Garavan
1886,Attichy
1887,Meurchin
1888,Couiza-Montazels
1889,Mâcon-Loché-TGV
1890,Laon
1891,La Croix-de-Méan
1892,Fère-en-Tardenois
1893,Bourg-en-Bresse
1894,Les Martres-de-Veyre
1895,Cousance
1896,Retournac
1897,Lapeyrouse
1898,Deuil-Montmagny
1899,Igney
1900,Glos-Montfort
1901,Bruyères
1902,Vitrolles-Aéroport-Marseille-Provence
1903,St-Mesmin
1904,Tours
1905,Gondrecourt-le-Château
1906,Labruguière
1907,Pamproux
1908,La Bonneville-sur-Iton
1909,Les Coquetiers
1910,Le Havre
1911,Le Cellier
1912,Cavignac
1913,Dorlisheim
1914,Ballan
1915,Athis-Mons
1916,Viry-Châtillon
1917,Merxheim
1918,Ermont-Halte
1919,La Possonnière
1920,Ste-Anne
1921,Laroche-Migennes
1922,Bobigny
1923,Auxonne
1924,Sommery
1925,Landébia
1926,Pontcharra-St-Forgeux
1927,Port-Fluvial-de-Chalon-sur-Saône
1928,Ponthierry-Pringy
1929,Dommartin-Lissieu
1930,Raon-l'Étape
1931,Libourne
1932,Val-de-Fontenay
1933,Coudray-Montceaux
1934,Laveline-devant-Bruyères
1935,Crécy-La Chapelle
1936,Sorgues-Châteauneuf-du-Pape
1937,Le Grand-Jardin
1938,Wissous
1939,Lutterbach-Tram-Train
1940,Port-d'Atelier-Amance
1941,St-Varent
1942,Rambouillet
1943,Lusignan
1944,Yffiniac
1945,Marlieux-Châtillon
1946,Cubzac-les-Ponts
1947,Sillé-le-Guillaume
1948,Malling
1949,Roye (Somme)
1950,Génolhac
1951,Ebblinghem
1952,Artix
1953,L'Hôpital-du-Grosbois
1954,Grisolles
1955,Mulhouse-Musées (Tram/Train)
1956,Mignères-Gondréville
1957,St-Cyr
1958,Bagnac
1959,La Barasse
1960,Plaisir-Les Clayes
1961,St-Astier
1962,Narbonne
1963,St-Nabord
1964,Bressuire
1965,St-Florentin-Vergigny
1966,Basse-Ham
1967,Mulhouse-Ville
1968,Oloron-Ste-Marie
1969,Sarliève-Cournon
1970,Bassens
1971,St-Thégonnec
1972,St-Geours
1973,Nieul
1974,Graffenstaden
1975,Hettange-Grande
1976,Chantenay
1977,St-Denis-Jargeau
1978,Crépy-en-Valois
1979,Lorcy
1980,Freistroff
1981,St-Pierre-Quiberon
1982,Margival
1983,Boigneville
1984,Montréjeau-Gourdan-Polignan
1985,Guillerval
1986,Brumath
1988,St-Chamas
1989,Villeneuve-lès-Maguelone
1990,Wallers
1991,Thann-St-Jacques
1992,Gisors
1993,Petit-Vaux
1994,St-Étienne-Pont-de-l'Âne
1995,Montreuil-sur-Thérain
1996,Auxy-Juranville
1997,Angers-St-Laud
1998,Sauto
1999,Villepinte
2000,Cesson
2001,Bénestroff
2002,Frontignan
2003,Clermont-de-l'Oise
2004,St-Victor
2005,Terrasson
2006,Rochy-Condé
2007,Uzel
2008,Aiffres
2009,Boves
2010,Boves
2011,Génelard
2012,Lavaur
2013,Sartrouville
2014,Niort
2015,Genlis
2016,St-Hilaire-au-Temple
2017,Laignes
2018,Thionville
2019,Évreux-Embranchement
2020,Gragnague
2021,Le Verdon
2022,St-Amand-Montrond-Orval
2023,Mont-Dore
2024,Nieppe
2025,Monestier-de-Clermont
2026,Viry
2027,Hagetmau
2028,Wardrecques
2029,Hennebont
2030,Maresquel
2031,Peille
2032,Firminy
2033,Tricot
2034,Tagolsheim
2035,Arques-la-Bataille
2036,St-Aignan-Noyers
2037,Bourron-Marlotte-Grez
2038,Woippy
2039,Condom
2040,La Basse-Indre-St-Herblain
2041,Les Noues
2042,Simandre-sur-Suran
2043,Le Péage-de-Roussillon
2044,St-Remy-en-l'Eau
2045,Condé-sur-Huisne
2046,Facture-Biganos
2047,Siorac-en-Périgord
2048,La Fère
2049,Bar-le-Duc
2050,Tende
2051,Frasne
2052,Heilles-Mouchy
2053,Les Fontinettes
2054,Moirans
2055,Bourg-en-Bresse
2056,Port-de-Bouc
2057,St-Hilaire-de-Chaléons
2058,Epiry-Montreuillon
2059,St-Jacques-de-la-Lande
2060,Givors-Canal
2061,Épinay-sur-Seine
2062,Grenoble-Université-Gières
2063,Les Églisottes
2064,Vaucresson
2065,Granville
2066,Luzy
2067,Vaux-sur-Seine
2069,Turenne
2070,Cordemais
2071,Grande-Synthe
2072,St-Amand-les-Eaux
2073,Arcachon
2074,Figeac
2075,Dreuil-lès-Amiens
2076,Revin
2077,Trouville-Deauville
2078,Béthune-Rivage
2079,Ste-Pazanne
2080,Nîmes
2081,Montsûrs
2082,Donchery
2083,Ranchot
2084,Nérondes
2085,Peyrehorade
2086,Dammartin-Juilly-St-Mard
2087,Vauxaillon
2088,Noyen
2089,Pont-de-Buis Lès Quimerc'h
2090,Sathonay-Rillieux
2091,Myennes
2092,Neuves-Maisons
2093,Santenay-les-Bains
2094,Royat-Chamalières
2095,Tavaux-Solvay
2096,Mormant
2097,Lalinde
2098,Porte-de-Clichy
2099,Vignory
2100,Capvern
2101,Espéraza
2102,Lezoux
2103,La Bâthie
2104,Bergerac
2105,Ferrière-la-Grande
2106,La Bastide-St-Laurent-les-Bains
2107,Bruyères-sur-Oise
2108,Seurre
2109,Bois-Colombes
2110,St-Jean-de-Losne
2111,Vulaines-sur-Seine-Samoreau
2112,Chemin-d'Antony
2113,Arras
2114,Boisleux
2115,Liesle
2116,Willer-sur-Thur
2117,Saumur
2118,Beaune
2119,Sennecey-le-Grand
2120,Sète
2121,Labège-Village
2122,Le Stade
2123,Bédarieux
2124,Morbier
2125,Auch
2126,Le Bousquet-d'Orb
2127,Bacouël
2128,Nangis
2129,Onville
2130,Bengy
2131,Lure
2132,Val-de-Reuil
2133,Vions-Chanaz
2134,Versigny
2135,Neuilly-lès-Dijon
2136,La Chapelle-Aulnay
2137,Dannemarie-Velesmes
2138,Tassin
2139,Drulingen
2140,Moulins-sur-Allier
2141,Durtol-Nohanent
2142,Cernay
2143,Vire
2144,Bantzenheim
2145,Carbonne
2146,Attigny (Ardennes)
2147,Île-Napoléon-Garage
2148,Audruicq
2149,Reims-Maison-Blanche
2150,La Veuve
2151,Pierre-Bénite
2152,Champagne-sur-Oise
2153,Liévin
2154,Dambach-la-Ville
2155,St-Rambert-d'Albon
2156,Ancenis
2157,Bondy
2158,Nanteuil-Saâcy
2159,Frontenex
2160,Époisses
2161,Ambérieu
2162,St-Gratien
2163,St-Dalmas-de-Tende
2164,Courcelles-le-Comte
2165,Lunas
2166,St-Paul-de-Fenouillet
2167,Mont-de-Terre
2168,Lagnieu
2169,Chalonnes
2170,Abancourt
2171,Planès
2172,Surdon
2173,Chocques
2174,Arengosse
2175,Mantes-la-Jolie
2176,Montreuil-sur-Ille
2177,Aunay-Tréon
2178,La Ciotat
2179,Breteil
2180,Jouy-en-Josas
2181,Frouard
2182,Malansac
2183,Valence-d'Agen
2184,Aigues-Mortes
2185,Monnaie
2186,Barbentane-Rognonas
2187,Meroux
2188,Caffiers
2189,Aiguebelette-le-Lac
2190,Houdan
2191,Sablé-sur-Sarthe
2192,Roscoff
2193,Rognac
2194,Gravelines
2195,Montreuil
2196,Champagne-sur-Seine
2197,Millas
2198,Bergues
2199,Guingamp
2200,Billy-Montigny
2201,Macau
2202,Bussière-Galant
2203,Longjumeau
2204,Villers-St-Sépulcre
2205,Gommiers
2206,Breteuil-Ville
2207,Gaillac
2208,Lubersac
2209,Laragne
2210,Saintes
2211,Tonneins
2212,Bétaille
2213,Jeandelize
2214,Pamiers
2215,Sannois
2216,Le Blanc-Mesnil
2217,La Ferté-sous-Jouarre
2218,St-Paterne
2219,Beuvrages
2220,Clichy-Levallois
2221,La Brillanne-Oraison
2222,Hymont-Mattaincourt
2223,Mennetou-sur-Cher
2224,Marignier
2225,Cattenières
2226,Foucart-Alvimare
2227,Morcenx
2228,Grand-Bourg
2229,Montdidier
2230,St-Cyr-en-Val-La Source
2231,Darsac
2232,Maisons-Alfort-Alfortville
2233,Voiron
2234,Clères
2235,Chabenet
2236,St-Chély-d'Apcher
2237,Bourgneuf-en-Retz
2238,Decize
2239,Cherbourg
2240,La Guierche
2241,Pouilly-sur-Loire
2242,Houilles-Carrières-sur-Seine
2243,Thédirac-Peyrilles
2244,Chalandray
2245,Aumont-Aubrac
2246,La Marche
2247,Bitche-Camp
2248,Saincaize
2249,Perrignier
2250,Puy-Guillaume
2252,Strasbourg-Ville
2253,Commentry
2254,Virieu-le-Grand-Belley
2255,Nogent-sur-Seine
2256,Massérac
2257,Sathonay-Rillieux
2258,Chanac
2259,Boulogne-Tintelleries
2260,Pierre-Buffière
2261,Caen
2262,Ballancourt
2263,St-Genouph
2264,Pierrelaye
2265,Neussargues
2266,Arques (Pas-de-Calais)
2267,Longroy-Gamaches
2268,Meudon
2269,Massy Europe
2270,Villers-St-Paul
2271,Blagny
2272,Coat-Guégan
2273,Ermont-Eaubonne
2274,Vernou-sur-Seine
2275,Argentan
2276,Feurs
2277,Clisson
2278,Le Val-d'Or
2279,Sarre-Union
2280,Pérols
2281,Beaucaire
2282,Raismes
2283,Urmatt
2284,Sully-sur-Loire
2285,Presles-Courcelles
2286,Crouy-sur-Ourcq
2287,Mézy
2288,Plancoët
2289,Retiers
2290,Meymac
2291,Kilstett
2292,Maurs
2293,Vanves-Malakoff
2294,Remoulins-Pont-du-Gard
2295,Franois
2297,Guimiliau
2298,Eu
2299,Dettwiller
2300,La Courneuve-Dugny
2301,Hasenrain
2302,Briançon
2303,Nyers
2304,Ste-Foy-la-Grande
2305,Coignières
2306,Bricon
2307,Grandpuits
2308,Contrexéville
2309,Haubourdin
2310,St-Fons
2311,Château-Arnoux-St-Auban
2312,Trentels-Ladignac
2313,St-Cergues-les-Voirons
2314,Uckange
2315,Semur-en-Auxois
2316,Besançon-Mouillère
2317,Mullerhof
2318,Baisieux
2319,Pontmort
2320,Villiers-le-Bel-Gonesse-Arnouville
2321,Champagne-Ardenne-TGV
2322,Mantes-Station
2323,St-Martin-d'Étampes
2324,Cusset
2325,Bécon-les-Bruyères
2326,Moosch
2327,Jarville-la-Malgrange
2328,Les Bossons
2329,Geispolsheim
2330,Vertou
2331,Abbeville
2332,Brax-Léguevin
2333,Coulommiers
2335,Montfort-le-Gesnois
2336,Miraumont
2337,Coussey
2338,Magenta
2339,Auffay
2340,Cros-de-Cagnes
2341,Montchanin
2342,Luçay-le-Mâle
2343,Bandol
2344,Chamousset
2345,Selommes
2346,Garnay
2347,Barenton-Bugny
2348,Joinville
2349,Mareil-Marly
2350,Conches
2351,Noyal-Acigné
2352,Kuntzig
2353,Miniac
2354,Amboise
2355,Dreux
2356,Lamonzie-St-Martin
2357,Bagneaux-sur-Loing
2358,Ouges
2359,Corgoloin
2360,Sury-le-Comtal
2361,Gretz-Armainvilliers
2362,Sillery
2363,St-Nom-la-Bretêche-Forêt-de-Marly
2364,Ham-en-Artois
2365,Maulde-Mortagne
2366,Cazères-sur-Garonne
2367,Paris-Bercy
2368,St-Saturnin-d'Avignon
2369,Eurville-Bienville
2370,Vonnas
2371,St-Flour-Chaudes-Aigues
2372,La Bachellerie
2373,Asnières-lès-Bourges
2374,St-Laurent-Gainneville
2375,Mirecourt
2376,La Redonne-Ensuès
2377,Picquigny
2378,Les Quatre-Roues
2379,Campagnac-St-Geniez
2380,Dercy-Mortiers
2381,Vandières
2382,St-Pierre-d'Albigny
2383,Collonges-Fontaines
2384,Chaville-Vélizy
2385,Fougerolles
2386,Haubourdin
2387,Serres
2388,Prin-Deyrançon
2389,Chenevières
2390,Pont-Cardinet
2391,Pont-Ste-Maxence
2392,Aubrives
2393,Beauvoir-sur-Niort
2394,Chamonix-Mont-Blanc
2395,Les Abrets-Fitilieu
2396,Wacquemoulin
2397,Magnac-Vicq
2398,Pontivy
2399,Argentan
2400,St-Féliu-d'Avall
2401,Gironcourt-Houécourt
2402,Les Cauquillous
2403,Lourches
2404,Ytrac
2405,Carquefou
2406,Ancerville-Guë
2407,Fains-la-Folie
2408,Viviez-Decazeville
2410,Tournay
2411,Rosa Parks
2412,Longuyon
2413,Diemeringen
2414,Paris-Vaugirard
2415,St-Laurent (Jura)
2416,Morannes
2417,Bricy-Boulay
2418,Thaon
2419,Dieupentale
2420,Mionnay
2421,Baule
2422,Lumbres
2423,Angerville
2424,Sarcelles-St-Brice
2425,Autrey-lès-Gray
2426,Générac
2427,Les Houches
2428,Paris-Batignolles
2429,L'Aigle
2430,Paris-St-Lazare
2431,La Fouillouse
2432,Maison-Rouge-en-Brie
2433,Polisot
2434,St-Roch (Somme)
2435,Caudry
2436,Dombasle-sur-Meurthe
2437,Tournemire-Roquefort
2438,Aix-en-Provence-Marchandises
2439,Ligny
2440,Mazingarbe
2441,Domblans-Voiteur
2442,Leffrinckoucke
2443,Beauvoisin
2444,Berthelming
2445,Vert-Galant
2446,Givors
2447,Dijon-Ville
2448,Les Ormes-sur-Vienne
2449,Hombourg-Budange
2450,Merrey
2451,Bouzonville
2452,Cases-de-Pène
2453,Landivisiau
2454,Villers-Cotterêts
2455,Avignon-Centre
2456,Aniche
2457,Le Poirier-Université
2458,St-Quentin
2459,Clermont-Ferrand
2460,Longecourt
2461,La Norville-St-Germain-lès-Arpajon
2462,Romans-Bourg-de-Péage
2463,Solférino
2464,Walbach
2465,La Tour-du-Pin
2466,Vesoul
2467,Mantes-la-Jolie
2468,Puyoô
2469,Belvès
2470,Châtillon-sur-Seine
2471,St-Priest-Taurion
2472,Carpentras
2473,Assat
2474,St-Pierre-la-Cour
2475,St-André-de-l'Eure
2476,Chevilly
2477,Aumale
2478,Bolquère-Eyne
2479,St-Michel-sur-Orge
2480,Varennes-sur-Fouzon
2481,Meursault
2482,Clonas
2483,St-Sébastien-Frêne-Rond
2484,Jussey
2485,Magny-Blandainville
2486,Aubin-St-Vaast
2487,Louveciennes
2488,St-Brieuc
2489,Châtelaudren-Plouagat
2490,Venizel
2491,Aix-en-Provence-Marchandises
2492,St-Martin-d'Oney
2493,Trappes-Marchandises
2494,Cires-lès-Mello
2495,Bellac
2496,Prémery
2497,Faulquemont
2498,St-Masmes
2499,Angoulême
2500,Étaples-Le Touquet
2501,Cannes-la-Bocca
2502,Rivarennes
2503,Pont-de-Sallaumines
2504,Souvigny
2505,Sessenheim
2507,Puteaux
2508,Erdre-Active
2509,Viaduc-Ste-Marie
2510,Labège-Innopole
2511,Bossey-Veyrier
2512,Dourges
2513,Castelnaudary
2514,Vendôme-Villiers-sur-Loir
2515,Voutré
2516,Sérifontaine
2517,Langogne
2518,Cap-d'Ail
2519,Fons-St-Mamert
2520,Ay
2521,Fellering
2522,Les Versannes
2523,Angers-Maître-École
2524,Ebersheim
2525,Ruffey
2526,Zillisheim
2527,Meudon-Val-Fleury
2528,Acheux-Franleu
2529,Seugy
2530,Fos-Mériquette
2531,Fontenay-le-Comte
2532,Les Mais
2533,Carentan
2534,Marmagne-sous-Creusot
2535,Senozan
2536,Réaumont-St-Cassien
2537,Cloyes
2538,Les Échets
2539,La Cave
2540,Bersac
2541,Toulon
2542,St-Florent-sur-Cher
2543,Gennevilliers
2544,Avignonet
2545,Mérens-les-Vals
2546,Montluel
2547,Brassac-les-Mines-Ste-Florine
2548,Limoux
2549,Peillon-Ste-Thècle
2550,Assier
2551,Pins-Justaret
2552,Valergues-Lansargues
2553,Bibliothèque-François-Mitterrand
2554,Eichhoffen
2555,Sedan
2556,Strasbourg-Neudorf
2557,Ste-Cécile-d'Andorge
2558,L'Arbresle
2559,St-Brice-sur-Vienne
2560,Cerizay
2561,Entraigues-sur-la-Sorgue
2562,Serquigny
2563,Bessé-sur-Braye
2564,Lachaud-Curmilhac
2565,Isbergues
2566,Thann
2567,Pont-Hébert
2568,Penne
2569,Schopperten
2570,Villiers-Montbarbin
2571,Mérignac-Arlac
2573,Saillans
2574,Vaires-Torcy
2575,L'Isle-sur-le-Doubs
2576,Templeuve
2577,St-Gildas-des-Bois
2578,Guérigny
2579,L'Escarène
2580,Montargis
2581,Vosves
2582,Limoux-Flassian
2583,Igney-Avricourt
2584,Bréval
2585,Mézidon
2586,Mézidon
2587,Colayrac
2588,St-Péray
2589,Veauche-St-Galmier
2590,Besançon-Franche-Comté-TGV
2591,Les Arcs-Draguignan
2592,Rosières
2593,St-Sébastien
2594,St-Julien-du-Sault
2595,Jarnac
2596,Malaunay-Le Houlme
2597,Clichy-Levallois
2599,Pagny-sur-Meuse
2600,Le Dorat
2601,Busseau-sur-Creuse
2602,Ste-Marthe-en-Provence
2603,St-Julien-en-Genevois
2604,Luc-Primaube
2605,St-Germain-sur-Ille
2606,Brazey-en-Plaine
2607,Étigny-Véron
2608,Vitry-la-Ville
2609,Lison
2610,St-Quentin-Fallavier
2611,Virville-Manneville
2612,Cergy-le-Haut
2613,Staffelfelden
2614,Brienon
2615,Maubeuge
2616,Port-Boulet
2617,Sevran-Beaudottes
2618,Pré-en-Pail
2619,Fougeray-Langon
2620,Montaignac-St-Hippolyte
2621,Le Trayas
2622,Jalons-les-Vignes
2623,Hunspach
2624,L'Isle-Adam-Parmain
2625,Embrun
2626,Val-d'Argenteuil
2627,Chartrettes
2628,St-Ours-les-Roches
2629,Île-Napoléon
2630,St-Cyprien-Arènes
2631,Champ-de-Courses-d'Enghien
2632,Tanus
2633,La Méaugon
2634,Pérenchies
2635,Montpaon
2636,Bréauté-Beuzeville
2637,Saverne
2638,Aubie-St-Antoine
2639,Chantonnay
2640,Marmagne-sous-Creusot
2641,Balbigny
2642,Musée-d'Orsay
2643,Vierzy
2644,Gignac-Cressensac
2645,Elne
2646,Vias
2647,Rixheim
2648,Agen
2649,Wambrechies
2650,Quintin
2651,Pointe-de-Grave
2652,Kalhausen
2653,Zoufftgen (IE)
2654,Tournus
2655,Stenay
2656,Le Grand-Lemps
2657,Viroflay-Rive-Droite
2658,Neuilly-St-Front
2659,Messac-Guipry
2660,Flavy-le-Martel
2661,Bueil
2662,St-Ouen-l'Aumône-Liesse
2663,Baroncourt
2664,Reims-St-Léonard
2665,Sermaise
2666,Flaxlanden
2667,St-Jean-Pied-de-Port
2668,Stephansfeld
2669,Laissac
2670,Pont-de-Rungis-Aéroport-d'Orly
2671,Clermont-La Rotonde
2672,Blanzy-Poste
2673,Crissé
2674,Rosheim
2675,Douai
2676,Villeherviers
2677,Bourgoin-Jallieu
2678,Val-de-Vesle
2679,St-Éloy
2680,Montfort-l'Amaury-Mère
2681,Ingrandes-sur-Loire
2682,Valognes
2683,Les Tines
2684,Marquette
2685,Latour-de-Carol-Enveitg
2686,Dompierre-sur-Mer
2687,Luc
2688,Duttlenheim
2689,Notre-Dame-d'Oé
2690,Villars-les-Dombes
2691,Fontenay-le-Fleury
2692,Brignac
2693,Luzarches
2694,Poussay
2695,Savennières-Béhuard
2696,Aiserey
2697,Sisteron
2698,Monthermé
2699,La Trinité-Victor
2700,Clelles-Mens
2701,Épernon
2702,Petit-Jouy-Les Loges
2703,Miramas
2704,Colombiers
2705,Praye-sous-Vaudémont
2706,Ludres
2707,Hoenheim-Tram
2708,Alès
2709,Voves
2710,Villaines
2711,Labarthe-Avezac
2712,Breuillet-Village
2713,Moulis-Listrac
2714,Biache-St-Vaast
2715,St-André
2716,Épinay-Villetaneuse TT
2717,Origny-en-Thiérache
2718,Champigny-sur-Yonne
2719,Bobigny
2720,Somain
2721,Peltre
2722,Kerhostin
2723,Loison-sous-Lens
2724,Champigneulles
2725,Landry
2726,Lutterbach (Haut-Rhin)
2727,Romanèche-Thorins
2728,Oullins
2729,Neufchâteau
2730,Vielmur-sur-Agout
2731,Saincaize
2732,Combourg
2733,Condé-sur-Vire
2734,Mulhouse-Ville
2735,Noisy-le-Sec
2736,La Barque-Fuveau
2737,Monsempron-Libos
2738,Lecelles
2739,Marquillies
2740,Pavillons-sous-Bois
2741,Picon-Busserine
2742,Le Breuil-sur-Couze
2743,Plougonver
2744,Nevers-Le Banlay
2745,St-Aubin-du-Vieil-Évreux
2746,Pihen
2747,Parempuyre
2748,St-Jean-de-Maurienne-Arvan
2749,Béna-Fanes
2750,Martigny-les-Bains
2751,Strazeele
2752,Torpes-Boussières
2753,Castres
2754,Gundershoffen
2755,Trégonneau-Squiffiec
2756,Ars-sur-Moselle
2757,Oissel
2758,Voves
2759,Pertuis
2760,St-Mammès
2761,Port-Vendres
2762,Landrecies
2763,Lothiers
2764,St-Gilles
2765,Villeneuve-le-Roi
2766,Oudon
2767,Ermont-Eaubonne (PSL)
2768,Avranches
2769,Marne-la-Vallée-Chessy
2770,Chevrières
2771,Le Perray
2772,Montrond-les-Bains
2773,Bordeaux-St-Jean
2774,Doulon
2775,Tarare
2776,St-Gervais-les-Bains-Le Fayet
2777,Mâlain
2778,Cordes-Vindrac
2779,Lavaveix-les-Mines
2780,Pulligny-Autrey
2781,La Boissière
2782,Lillers
2783,Nice-Pont-Michel
2784,La Frayère
2785,Grand'Combe-La Pise
2786,St-Pierre-sur-Dives
2787,Sénas
2788,Voyenne
2789,Doulon
2790,Flamboin-Gouaix
2791,Mauzé
2792,Le Vert-de-Maisons
2793,Rieux-Angicourt
2794,Cergy-St-Christophe
2795,Poinçon
2796,Limeray
2797,Paray-le-Monial
2798,Châteauneuf-Bujaleuf
2799,Vierzon-Forges
2800,Steinbourg
2801,Orchamps
2802,Bonneval
2803,St-Martin-du-Vivier
2804,Montmélian
2805,Paris-Tolbiac
2806,Mareil-sur-Mauldre
2807,Chevaigné
2808,Vaucelles
2809,Aiffres
2810,Blanquefort
2811,Tassin
2812,Beillant
2813,Joncherey
2814,Thourotte
2815,Folligny
2816,Étriché-Châteauneuf
2817,Germaine
2818,Thieux-Nantouillet
2819,Esquelbecq
2820,Le Toec
2821,St-Sever
2822,Liancourt-Rantigny
2823,Walbourg
2824,Zu-Rhein
2825,Épinay-Villetaneuse
2826,Mandelieu-la-Napoule
2827,Brion-Montréal-la-Cluse
2828,L'Isthme
2829,Meximieux-Pérouges
2830,Roissy-en-Brie
2831,Colombes
2832,Redon
2833,TGV Haute-Picardie
2834,Nançois-Tronville
2835,Tamnay-Châtillon
2836,Agde
2837,Châbons
2838,Manois
2839,Martigues
2840,Pont-du-Château
2841,Rungis (MIN)
2842,Cercy-la-Tour
2843,Fors
2844,Fougeré
2845,Thenissey
2846,La Ferté-Alais
2847,Maisse
2848,Isles-Armentières
2849,Baleycourt
2850,Tarbes
2851,Frouard
2852,Cagnes-sur-Mer
2853,Pont-Melvez
2854,St-Brieuc
2855,Ingersheim-Cité-Scolaire
2856,St-André
2857,Tamnay-Châtillon
2858,Nexon
2859,Bellignat
2860,Sathonay-Rillieux
2861,Albi-Madeleine
2862,Ferrières-Fontenay
2863,St-Christophe
2864,Diarville
2865,Pringy
2866,Blois-Chambord
2867,Jussey
2868,Logelbach
2869,Chamarande
2870,Dol-de-Bretagne
2871,St-Romain-le-Puy
2872,Bétheniville
2873,Altkirch
2874,Thann-Centre
2875,St-Léonard
2876,Douzies
2877,Boisset
2878,Darcey (Côte-d'Or)
2879,Montaigu-Vendée
2880,Strasbourg-Cronenbourg
2881,Corbeil-Essonnes
2882,Lempdes (Haute-Loire)
2883,Haguenau
2884,Brienne-le-Château
2885,Oiry
2886,Modane
2887,Savenay
2888,Neuves-Maisons
2889,Péreire-Levallois
2890,La Hisse
2891,Les Bons-Pères
2892,Villers-les-Pots
2893,St-Étienne-du-Rouvray
2894,St-Antoine (MR)
2895,Thoiry
2896,Mulhouse-Nord
2897,Châtillon-sur-Loire
2898,Poliénas
2899,Trilport
2900,Ennezat-Clerlande
2901,Conflans-Ste-Honorine
2902,Wesserling
2903,Theillay
2904,Oermingen
2905,Juvisy
2906,Lasserre
2907,Lourdes
2908,St-Martory
2909,Lesparre
2910,Mortcerf
2911,Brélidy-Plouëc
2912,Servoz
2913,Ormoy-Villers
2914,Rougebarre
2915,Chemilly-Appoigny
2916,Gerzat
2917,Ossès-St-Martin-d'Arrossa
2918,La Joux
2919,La Clayette-Baudemont
2920,La Tour-de-Salvagny
2921,Beaumont-le-Roger
2922,Mirebeau-sur-Bèze
2923,La Chaumusse-Fort-du-Plasne
2924,Martigné-Ferchaud
2925,Fleurville-Pont-de-Vaux
2926,Montreuil-Bellay
2927,Gergy
2928,Lannion
2929,Paris-Gare-de-Lyon
2930,Salbris
2931,Bessay
2932,Sarralbe
2933,Dunkerque-Port-Est
2934,St-Joseph-Le Castellas
2935,Loire
2936,Tarascon
2937,Niolon
2939,Argentière
2940,Montferrand-Thoraise
2941,La Plaine-Stade-de-France
2942,Briouze
2943,Villenave-d'Ornon
2944,St-Sébastien-Pas-Enchantés
2945,Colmar-Mésanges
2946,Dourdan-la-Forêt
2947,Sallèles-d'Aude
2948,Verdun-sur-le-Doubs
2949,Urçay
2950,Luzenac-Garanou
2951,Bussière-Galant
2952,Châteaubriant
2953,Versailles-Matelots
2954,Gournay-Ferrières
2955,L'Isle-Fontaine-de-Vaucluse
2956,Pomas
2957,Beynost
2958,Le Haut-Banc
2959,La Roche-sur-Foron
2960,Annemasse
2961,Nouvion-sur-Meuse
2962,Ychoux
2963,Dijon-Ville
2964,Épinal
2965,Bourg-en-Bresse
2966,Chenonceaux-Chisseaux
2967,Longpont
2968,Deluz
2969,Cormery
2970,Châteaudun
2971,Airvault-Gare
2972,Dinan
2973,Nantes
2974,Bischheim
2975,Marly-les-Valenciennes
2976,Eymoutiers-Vassivière
2977,Brionne
2978,St-Geniès-de-Malgoirès
2979,Monistrol-d'Allier
2980,Le Plessis-Belleville
2981,Laroquebrou
2982,St-Germain-les-Belles
2983,Plounérin
2984,Vias
2985,Pont-de-Rungis-Aéroport-d'Orly
2986,Colomiers
2987,Arbanats
2988,Pont-Audemer
2989,Chedde
2990,Leval
2991,St-Michel-sur-Meurthe
2992,Vivoin-Beaumont
2993,La Coquille
2994,St-Cloud
2995,Poissy
2996,Bondy
2997,Châteaubriant Tram-Train
2998,Messempré
2999,Remiremont
3000,Moret-Veneux-les-Sablons
3001,Pont-de-Claix
3002,Nogent-Le Perreux
3003,Cercottes
3004,St-Rambert-d'Albon
3005,Alouette-France
3006,Bouthéon
3007,Marvejols
3008,La Verpillière
3009,Dachstein
3010,Mont-St-Martin
3011,Futuroscope
3012,Valmondois
3013,Couze
3014,Épinay-Villetaneuse
3015,Puybrun
3016,Pompadour
3017,Vic-le-Comte
3018,La Barre-Ormesson
3019,Gérard
3020,Cize-Bolozon
3021,Prades-Molitg-les-Bains
3022,Lens
3023,Courtalain-St-Pellerin
3024,Sélestat
3025,Ax-les-Thermes
3026,St-Omer
3027,Guillaucourt
3028,Les Boullereaux-Champigny
3029,Prouvy-Thiant
3030,Schiltigheim
3031,Montbrison
3032,Dommartin-Remiencourt
3034,Keskastel
3035,Villefranche-du-Périgord
3036,Chazay-Marcilly
3037,St-Hilaire-de-Chaléons
3038,Couzon-au-Mont-d'Or
3039,Savigny-le-Temple-Nandy
3040,Loivre
3041,St-Denis-des-Murs
3042,Gourland
3043,Pagny-sur-Moselle
3044,Clion-sur-Seugne
3045,Castelnau-d'Estrétefonds
3046,Pont-de-l'Arche
3047,Gien
3048,Le Mans
3049,Les Sables-d'Olonne
3050,Troyes
3051,Feuquerolles
3052,St-Priest
3053,Loudéac
3054,Bavay
3055,Tourcoing
3056,St-Germain-du-Puy
3057,Hatrize
3058,Kerhuon
3059,Pontchaillou
3060,Portets
3061,Bourg-en-Bresse
3062,St-Rome-de-Cernon
3063,Steenbecque
3064,Razac
3065,Darsac
3066,Montmorillon
3067,Pontoise
3068,Trie-Château
3069,Juziers
3070,St-Aubin-sur-Scie
3071,Die
3072,Daours
3073,Angers-St-Serge
3074,Montbizot
3075,Penthièvre
3076,Gilley
3077,Argenteuil GC
3078,Labouheyre
3079,Avoudrey
3080,La Madeleine
3081,Menton
3083,La Haie-Fouassière
3084,Massy-Palaiseau
3085,Mont-Louis-La Cabanasse
3086,Blangy-sur-Ternoise
3087,Port-Sec-de-Pacy
3088,Nouan-le-Fuzelier
3089,Gauriaguet
3090,Vernouillet-Verneuil
3092,Champs-St-Bris
3093,Gravenchon-Port-Jérome
3094,Nuisement
3095,Bouchain
3096,Ébersviller
3097,Beautiran
3098,Périgueux-St-Georges
3099,Vénissieux
3100,Vireux-Molhain
3101,La Crau
3102,Limoges-Montjovis
3103,Nuits-St-Georges
3104,Givors-Canal
3105,Bas-Monistrol
3106,Brebières-Sud
3107,Orgon
3108,Châteauneuf-sur-Charente
3109,Versailles-Chantiers
3110,Surgères
3111,Vouziers
3112,St-Martin-du-Mont
3113,Hargicourt-Pierrepont
3114,Bussy-Lettrée-Vatry
3115,Montoire-sur-le-Loir
3116,Vendôme
3117,Strasbourg-Ville
3118,Arc-et-Senans
3119,Jaunay-Clan
3120,Bainville-sur-Madon
3121,Vénissieux-Nord
3122,Saulnes
3123,Sézanne
3124,Corps-Nuds
3125,Pantin
3126,Grésy-sur-Aix
3127,Entzheim
3128,Grand-Quevilly
3129,Étampes
3130,Montbré
3131,Champagney
3132,Champbenoist-Poigny
3133,Marienthal
3134,Brunémont
3135,Louvroil
3136,Étain
3137,Folligny
3138,Pontfaverger
3139,Brive-la-Gaillarde
3140,Menars
3141,Amilly-Ouerray
3142,St-Just-en-Chaussée
3143,La Ferté-Milon
3144,Kurtzenhouse
3145,Hendaye
3146,Mommenheim
3147,Miserey-Salines
3148,La Ville-Gozet
3149,Dercy-Froidmont
3150,Vitry-en-Artois
3151,Terrenoire
3152,Chagny
3153,Anor
3154,Villefranche-sur-Saône
3155,Galliéni-Cancéropole
3156,Tarascon
3157,Dompierre
3158,Badan
3159,Bully-Grenay
3160,Yerres
3161,Aubigny-en-Artois
3162,Bournezeau
3163,La Bastide-St-Laurent-les-Bains
3164,Ceilhes-Roqueredonde
3165,Bolbec-Nointot
3166,St-Émilion
3167,St-Maurice-de-Beynost
3168,Questembert
3170,Vivonne
3171,Mourmelon-le-Petit
3172,Dardilly-le-Jubin
3173,Verdun
3174,Survilliers-Fosses
3175,Mothern
3176,Sept-Saulx
3177,La Celle-Corrèze
3178,Pornichet
3179,Villefranque
3180,Clairvaux
3181,Boissise-le-Roi
3182,Preignac
3183,Dijon-Ville
3184,Luc-en-Diois
3185,Montivilliers
3186,Pont-Cardinet
3187,La Fresnais
3188,Chalon-sur-Saône
3189,Arzembouy
3190,Voivres
3191,Le Pallet
3192,Oulchy-Breny
3193,Mesves-Bulcy
3194,Bordeaux-Bastide
3195,Le Bouchet
3196,Cuinchy
3197,Dirinon Loperhet
3198,Pont-St-Vincent
3199,Eu
3200,Seclin
3201,Pouxeux
3202,Le Sablon
3203,St-Amour
3204,Chartres
3205,Pau
3206,St-Cyr
3207,Molsheim
3208,Vaux-en-Bugey
3209,Hesdigneul
3210,Riedseltz
3211,Port-la-Nouvelle
3212,Haluchère-Batignolles
3213,Cavaillon (MIN)
3214,Bellevue
3215,St-Clair-les-Roches
3216,Lapeyrouse
3217,Schirmeck-La Broque
3218,Cannes-Marchandises
3219,Herbeauvilliers
3220,Ste-Marguerite
3221,Brioude
3222,Roumazières-Loubert
3223,Liancourt-St-Pierre
3224,Harfleur-Halte
3225,Najac
3226,Villefranche-sur-Cher
3227,Amplepuis
3228,Régny
3229,Conchil-le-Temple
3230,Buzy (Meuse)
3231,Lavannes-Caurel
3232,Soissons
3233,Juan-les-Pins
3234,Lunery
3235,Carmaux
3236,St-Georges-de-Commiers
3237,Sarrance
3238,Villenouvelle
3239,Strasbourg-Port-du-Rhin
3240,Cheilly-lès-Maranges
3241,Plénée-Jugon
3242,Le Grau-du-Roi
3244,La Chapelle-St-Mesmin
3245,Roumazières-Loubert
3246,Hirson
3247,Conlie
3248,Coudekerque-Branche
3249,Châtillon-d'Azergues
3250,Évian-les-Bains
3251,Sucé-sur-Erdre
3252,Drefféac
3253,Rabastens-Couffouleux
3254,Podensac
3255,Le Meux-la-Croix-St-Ouen
3256,Domont
3257,Crest
3259,La Bernerie-en-Retz
3260,Rumilly
3261,St-Marcel
3262,Bourg-Bruche
3263,Lesseux-Frapelle
3264,La Folie-Nanterre
3265,Ceyzériat
3266,Breteuil
3267,Margaux
3268,Étalans
3269,Gambsheim
3270,Gardonne
3271,Rothau
3272,Audun-le-Roman
3273,Albi
3274,Vernet-d'Ariège
3275,Voreppe
3276,Vauvert
3277,Lépanges
3278,Marssac-sur-Tarn
3279,Persan-Beaumont
3280,Culmont-Chalindrey
3281,Nanteuil-le-Haudouin
3282,Pleine-Fougères
3283,Orchies
3284,Neuville-aux-Bois
3285,Donges
3286,Andrézieux
3287,Neufchâteau
3288,St-Hilaire-de-Chaléons
3289,Croix-Wasquehal
3290,Crouy
3291,Longueau
3292,Baume-les-Dames
3293,Épluches
3294,Machilly
3295,Roncq
3296,Rosières-aux-Salines
3297,Martigues
3298,Dunkerque-Port-Ouest
3299,Grenoble
3300,Marmande
3301,Pierrelatte
3302,Condat-le-Lardin
3303,Aulnay-sous-Bois
3304,Argenton-sur-Creuse
3305,Cosne-sur-Loire
3306,St-Aigulin-La Roche-Chalais
3307,Tieffenbach-Struth
3308,Les Mureaux
3309,Le Theil-La Rouge
3310,Grandpuits-Bagneux
3311,Avignon-Fontcouverte
3312,Sévérac-le-Château
3313,Anor
3314,Jouy
3315,Osny
3316,Baroncourt
3317,La Hutte-Coulombiers
3318,Marseille-en-Beauvaisis
3319,Monts
3320,Halte de Fontanil-Lycée de Drap
3321,Sévérac
3322,Chaumont
3323,Lépin-le-Lac-La Bauche
3324,Viroflay-Rive-Gauche
3325,Vendeuvre-Jort
3326,Ste-Gauburge
3327,Lingolsheim
3328,Alaï
3329,Dontrien
3330,Moissac
3331,Ailly-sur-Somme
3332,Grenade-sur-l'Adour
3333,St-Laurent-d'Aigouze
3334,Couffoulens-Leuc
3335,Font-Romeu-Odeillo-Via
3336,Lyon
3337,Mertzwiller
3338,Fleurance
3339,Gazinet-Cestas
3340,Chagny
3341,La Jarrie
3342,Deûlémont
3343,Les Moutiers-en-Retz
3344,Fos-Coussoul
3345,Morvillars
3346,La Chapelle-St-Ursin-Morthomiers
3347,Noyelles-sur-Mer
3348,Bollwiller
3349,Xeuilley
3350,Le Burg
3351,Marcelcave
3352,Ker-Lann
3353,Aulnay-sous-Bois
3354,Is-sur-Tille
3355,Javel
3356,Strasbourg-Roethig
3357,Cambrai-Annexe
3358,Les Saules
3359,Champagnole
3360,Culoz
3361,Lavaufranche
3362,Marolles-en-Hurepoix
3363,Montgeron-Crosne
3364,St-Dié-des-Vosges
3365,Vigeois
3366,Cognac
3367,Chevillon
3368,Bologne
3369,Ribécourt
3370,Le Pénity
3371,St-Georges-de-Reneins
3372,Antibes
3373,La Madeleine
3374,Nointel-Mours
3375,St-Omer-en-Chaussée
3376,Provenchères-sur-Fave
3377,Vieux-Thann
3378,St-Clément-Laronxe
3379,Chaingy-Fourneaux-Plage
3380,Strasbourg-Ville
3381,Barsac
3382,Issoudun
3383,Chapeauroux
3384,Cobrieux
3385,Pons
3386,Clichy-Levallois
3387,Tournemire-Roquefort
3388,Vermenton
3389,Neuilly-Porte-Maillot
3390,Traou-Nez
3391,Nurieux
3392,Fort-l'Écluse-Collonges
3393,Anthéor-Cap-Roux
3394,Mouzon
3395,Cransac
3396,Le Creusot-Montceau-Montchanin
3397,St-Mariens-St-Yzan
3398,Belle-Isle-Bégard
3399,Massy-Palaiseau
3400,Malause
3401,Courtenay
3402,Champtocé-sur-Loire
3403,Boulouris-sur-Mer
3404,La Pointe-Bouchemaine
3405,Fromental
3406,Cluses
3407,Guéret
3408,Graffenwald
3409,Laqueuille
3410,Saône
3411,Lestelle
3412,Bessines
3413,Les Eyzies
3414,Montmoreau
3415,Varilhes
3416,Argenteuil
3417,Reichstett
3418,Bonnières
3419,Les Clairières-de-Verneuil
3420,Cavaillon
3421,Villefranche-Vernet-les-Bains
3422,Allée-de-la-Tour-Rendez-Vous
3423,Beaulieu-sur-Mer
3424,Paris-Nord-Surface
3425,Foëcy
3426,Ossun
3427,Trappes
3428,St-Savinien-sur-Charente
3429,Laroche-Migennes
3430,Noizay
3431,Enghien-les-Bains
3432,Rolleville
3433,Châteauneuf-sur-Cher
3434,Quédillac
3435,Couzon (Loire)
3436,Longué
3437,Fretin
3438,Estavar
3439,Bussac
3440,Fère-Champenoise
3441,Esternay
3442,Callac
3443,Matzenheim
3444,La Couronne-Carro
3445,Fréjus
3446,Royan
3447,Aspres-sur-Buëch
3448,Herchies
3449,Montereau
3450,Santes
3451,Le Pouzin
3452,Nîmes-Pont du Gard
3453,Forbach
3454,Castelsarrasin
3455,Avallon
3456,Vic-sur-Cère
3457,Reignac
3458,Sarreguemines
3459,Port-d'Atelier-Amance
3460,Vernaison
3461,St-Denis-de-Pile
3462,Imphy
3463,St-Ouen
3464,Puget-Ville
3465,Petit-Quevilly
3466,Le Muy
3467,Châteauneuf-sur-Loire
3468,Vire
3469,Pont-sur-Yonne
3470,Avion
3471,Vitry-le-François
3472,Chinon
3473,Neufchâtel-Hardelot
3474,Chamousset
3475,Mézériat
3476,Le Raincy-Villemomble-Montfermeil
3477,Sillé-le-Guillaume
3478,Rennes
3479,L'Estaque
3480,Avord
3481,Port-Ste-Marie
3482,La Pomme
3483,Wihr-au-Val-Soultzbach-les-Bains
3484,Reignier
3485,Langres
3486,Château-Gaillard
3487,Cavaillon
3488,Gravigny-Balizy
3489,Lycée-Henri-Sellier
3490,Vidauban
3491,St-Lô
3492,Séon-St-Henry
3493,Ste-Christie
3494,Bouvines
3495,Dreux
3496,Landerneau
3497,Vénerque-le-Vernet
3498,Hayange
3499,Le Plessis-Chenet
3500,Mulhouse-Dornach (Tram/Train)
3501,Russ-Hersbach
3502,Sées
3503,Sous-le-Bois
3504,Fouquereuil
3505,Monéteau-Gurgy
3506,Fontenoy-sur-Moselle
3507,Nogent-le-Rotrou
3508,Brou
3509,Lamballe
3510,Stains
3511,Mouchard
3512,Martigues
3513,La Levade
3514,Broye
3515,Paimpol
3516,Anvin
3517,Le Dramont
3518,La Loupe
3519,Walheim
3520,Champagne-Ardenne-TGV
3521,Roubaix-Wattrelos
3522,La Rochelle-Porte-Dauphine
3523,Fontaine-le-Port
3524,Belleville-sur-Saône
3525,Fréteval-Morée
3526,Lomme
3527,Ranguin
3528,Le Quesnoy
3529,Ourscamps
3530,Auchy-lès-Hesdin
3531,Montroc-le-Planet
3532,Lutzelhouse
3533,Campagne
3534,Les Sables-Blancs
3535,Croix-l'Allumette
3536,St-Marcellin
3537,Aubiet
3538,St-Macaire
3539,Lutterbach (Haut-Rhin)
3540,Port-Brillet
3541,Dieppe
3542,Aubin
3543,Irigny-Yvours
3544,Zetting
3545,Joeuf
3546,Thiers
3547,St-Pierre-du-Vauvray
3548,Épouville
3549,Périgueux
3550,Thouars
3551,Auneau
3552,Boën
3553,Morcenx
3555,Istres
3557,Le Teil
3558,Naucelle
3559,Buchères-Verrières
3560,St-Fargeau
3561,La Haye-Descartes
3562,Serqueux
3563,Dugny
3564,Le Puy-en-Velay
3565,Bedous
3566,La Poterie
3567,St-Patrice
3568,L'Ardoise
3569,Viarmes
3570,Ormoy-Villers
3571,Auterive
3572,Tonnerre
3573,Gretz-Armainvilliers
3574,Osséja
3575,Épinal
3576,Le Buisson
3577,Montargis
3578,Aéroport-Charles-de-Gaulle 2-TGV
3579,Betton
3580,La Voulte-sur-Rhône
3581,Azerailles
3582,Pers
3583,St-Aubin (Jura)
3584,St-Malo
3585,Lille
3586,Fontpédrouse-St-Thomas-les-Bains
3587,Lathus
3588,Alençon
3589,Lapradelle
3590,Labergement-Ste-Marie
3591,Sous-le-Bois
3592,Meulan-Hardricourt
3593,Boussay-La Bruffière
3594,Mamirolle
3595,La Ferté-St-Aubin
3596,Armentières
3597,Armentières
3598,Mauzens-Miremont
3599,Beauvais
3600,Cocheren
3601,Steenwerck
3602,Vias
3603,Pont-à-Vendin
3604,Bischwiller
3605,Éguzon
3606,Ranspach
3607,Vierzon-Forges
3608,Poligny
3609,St-Julien-Montricher
3610,Andelot
3611,Cercy-la-Tour
3612,Orangis-Bois-de-l'Épine
3613,Montmélian
3614,Blainville-Damelevières
3615,Obernai
3616,Trouville-Deauville
3617,Morhange
3618,Carpentras
3619,Cantin
3620,Selles-St-Denis
3621,Coucy-lès-Eppes
3622,Le Lioran
3623,Ustaritz
3624,Crépy-en-Valois
3625,Barr
3626,Ingwiller
3627,Loulay
3628,Motteville
3629,Couhé-Vérac
3630,Orgérus-Béhoust
3631,St-Aulaire
3632,Amagne-Lucquy
3633,Bassens-Appontements
3634,St-Nom-la-Bretêche-Forêt-de-Marly
3635,Marquixanes
3636,Aulnay-sous-Bois
3637,Lannemezan
3638,Donjeux
3639,Blanc-Misseron
3640,Alençon
3641,Courville-sur-Eure
3642,Loudun
3643,Villefranche-Vernet-les-Bains
3644,Maison-Dieu (Yonne)
3645,Lancerf
3646,Monteux
3647,Les Rosiers-sur-Loire
3648,Lozanne
3649,Coutras
3651,St-Léonard-de-Noblat
3652,Aubigné-Racan
3653,Rougemont-Chanteloup
3654,Calais-Ville
3655,Fécamp
3656,Maubourguet
3657,Bayonne
3658,Chevry
3659,Bollwiller
3660,Tournan
3661,Malaunay-Le Houlme
3662,Vendeuvre (Aube)
3663,Montastruc-la-Conseillère
3664,Lavoûte-sur-Loire
3665,Ussel
3666,Devecey
3667,Chessy
3668,Bordeaux-St-Jean
3669,Ronchamp
3670,Bordeaux-St-Jean
3671,Olonne-sur-Mer
3672,Roissy-Aéroport-Charles-de-Gaulle 2-TGV (RER)
3673,Pontivy
3674,Aguilcourt-Variscourt
3675,Noeux-les-Mines
3676,Le Bugue
3677,Lestrem
3678,St-Hilaire-Brizambourg
3679,Civray-Ville
3680,Leucate-la-Franqui
3681,Ambérieu
3682,La Couronne
3683,Altkirch
3684,St-Laurent-du-Var
3685,St-Hilaire
3686,Morgny
3687,Marcheprime
3688,Leforest
3689,La Meyze
3690,Argelès-sur-Mer
3691,Le Boucau
3692,Feuquières-Fressenneville
3693,Bogny-sur-Meuse
3694,Arches
3695,Chemillé
3696,Montfort-sur-Meu
3697,Verzeille
3698,Chevigny-St-Sauveur
3699,Tiercelet-Villers-la-Montagne
3700,Wavrin
3701,Lardenne
3702,Landaul-Mendon
3703,Le Bec-d'Ambès
3704,Corbeil-Essonnes
3705,Avenay
3706,Négrondes
3707,Chaulnes
3708,Réding
3709,Chambly
3710,Albens
3711,Somain
3712,Bas-Évette
3714,Thiennes
3715,Le Stade
3716,Manduel-Redessan
3717,Bauvin-Provin
3718,Auvers-sur-Oise
3719,La Chaize-le-Vicomte
3720,St-Michel-sur-Charente
3721,Viry-Noureuil
3722,Deville
3723,St-Louis-la-Chaussée
3724,Pougny-Chancy
3725,Fouday
3726,Pont-de-Beauvoisin
3727,Is-sur-Tille
3728,Bègles
3729,Béthune
3730,Nozières-Brignon
3731,Chanteloup-les-Vignes
3732,Apach
3733,École-Valentin
3734,Millau
3735,Rouffach
3736,Bonnemain
3737,Revel-Sorèze
3738,Méricourt-Ribemont
3739,Nantiat
3740,Pontgouin
3741,Noisy-le-Roi
3742,Montigny-Beauchamp
3743,Briouze
3744,Civrieux-d'Azergues
3745,Avrechy
3746,Montrabé
3747,Vivy
3748,St-Denis
3749,Donzère
3750,Scherwiller
3751,Clerval
3752,Limeyrat
3753,Créteil-Pompadour
3754,Escalquens
3755,Aubergenville-Élisabethville
3756,Layrac
3757,Montluçon-Rimard
3758,L'Isle-d'Abeau
3759,Villiers-le-Sec
3760,Maurois
3762,L'Aiguille
3763,Ayron-Latillé
3764,Lure
3766,Nice-Riquier
3767,Montrouge-Châtillon
3768,Bons-en-Chablais
3769,Gensac-la-Pallue
3770,Conflans-Fin-d'Oise
3771,Riom-Châtel-Guyon
3772,Appilly
3773,Chorges
3774,Anglefort
3775,Le Chambon-Feugerolles
3776,Sélestat
3777,Vézelise
3778,Arvant
3779,St-Germain-sur-Meuse
3780,Nuits-sous-Ravières
3781,Le Soler
3782,La Ferté-Imbault
3783,Mehun-sur-Yèvre
3784,Marseille-St-Charles
3785,St-Aunès
3786,Montluçon-Ville
3787,Aillevillers
3788,Fraisses-Unieux
3789,Marigny
3790,Neuville-sur-Sarthe
3791,Le Vieux-Briollay
3792,Beaurepaire
3793,Arleux
3794,Chavenon
3795,Villereversure
3796,Gadagne
3797,Aime-La Plagne
3798,Ste-Colombe-sur-Seine
3799,Joigny
3800,La Courneuve-Aubervilliers
3801,Marles-en-Brie
3802,St-Dizier
3803,Écouché
3804,Gunsbach-Griesbach
3805,Pont-de-Dore
3806,Pont-Cardinet
3807,Saincaize
3808,Porté-Puymorens
3809,Massy-TGV
3810,Neuvy-sur-Loire
3811,Roeschwoog
3812,Châteaubourg
3813,Recquignies
3814,Louhossoa
3815,Alès
3816,Pont-de-l'Arche
3817,Route-de-Launaguet
3818,Écouflant
3819,Pont-l'Évêque
3820,Gan
3821,Sauveterre-la-Lémance
3822,Trois-Puits
3823,Alleyras
3824,La Porcherie
3825,Brignais
3826,Morières-lès-Avignon
3827,Vimy
3828,Berlaimont
3829,Jaux
3830,Ostricourt
3831,Vernon-Giverny
3832,Mende
3833,Ligugé
3834,Pernes-Camblain
3835,Krimmeri-Meinau
3836,Viam
3837,Frynaudour
3838,Gien
3839,Dégagnac
3840,Marseille-Maritime-Arenc
3841,Villers-sur-Mer
3842,Janzé
3843,St-Victurnien
3844,Le Genest
3845,Longages-Noé
3846,Manosque-Gréoux-les-Bains
3847,Sucy-Bonneuil
3848,Bains-les-Bains
3849,Égletons
3850,Dijon-Porte-Neuve
3851,Aillevillers
3852,Chindrieux
3853,Prissé-la-Charrière
3854,Achiet
3855,Vinay
3856,St-Pé-de-Bigorre
3857,Louhans
3858,Vaas
3859,Fumay
3860,Exideuil-sur-Vienne
3861,Pont-de-Bois
3862,Longpré-les-Corps-Saints
3863,Berthelming
3864,Reichshoffen-Ville
3865,Fère-Champenoise
3866,Jonchery-sur-Vesle
3867,Carignan
3868,La Baule-Escoublac
3869,Caudrot
3870,Sarreguemines
3871,Fegersheim-Lipsheim
3872,Vinça
3873,Arches
3874,Quesnoy-sur-Deûle
3875,Beillant
3876,Dourdan
3877,Bédarrides
3878,Bannalec
3879,Nancy-Ville
3880,Les Praz-de-Chamonix
3881,La Baule-les-Pins
3882,Nort-sur-Erdre
3883,Machecoul
3884,Barcelona
3885,Italie
3886,Munich
3887,Geneve
3888,Madrid
3889,Francfort
3890,Zurich
3891,Stuttgart
3892,Lausanne